,state,county,inc,% change
0,AL,Autauga,48347,5.6
1,AL,Baldwin,54659,6.1
2,AL,Barbour,40428,6.5
3,AL,Bibb,36892,8.8
4,AL,Blount,42634,5
5,AL,Bullock,33267,11.9
6,AL,Butler,46050,4.8
7,AL,Calhoun,42621,7.3
8,AL,Chambers,39728,7.8
9,AL,Cherokee,43719,4.4
10,AL,Chilton,41748,6.5
11,AL,Choctaw,44241,7.1
12,AL,Clarke,45232,11.9
13,AL,Clay,38705,8.1
14,AL,Cleburne,42836,5.2
15,AL,Coffee,49196,5.3
16,AL,Colbert,44279,8.4
17,AL,Conecuh,41656,10.8
18,AL,Coosa,38275,6.7
19,AL,Covington,41458,6.5
20,AL,Crenshaw,46038,5.2
21,AL,Cullman,46061,4.7
22,AL,Dale,43916,6.5
23,AL,Dallas,41850,10.5
24,AL,DeKalb,40026,6
25,AL,Elmore,47381,5.8
26,AL,Escambia,39363,8.4
27,AL,Etowah,42558,6.4
28,AL,Fayette,41672,5.9
29,AL,Franklin,40810,8.1
30,AL,Geneva,41569,5.5
31,AL,Greene,40461,10.7
32,AL,Hale,44085,8
33,AL,Henry,51184,4.2
34,AL,Houston,50976,7.7
35,AL,Jackson,43565,6.7
36,AL,Jefferson,62371,5.5
37,AL,Lamar,40114,7.5
38,AL,Lauderdale,44804,8
39,AL,Lawrence,42996,7.2
40,AL,Lee,45002,6.1
41,AL,Limestone,50326,6.1
42,AL,Lowndes,48852,7.8
43,AL,Macon,38412,10.2
44,AL,Madison,59852,6.3
45,AL,Marengo,47008,10.7
46,AL,Marion,40939,9.5
47,AL,Marshall,44416,7.6
48,AL,Mobile,46418,8.6
49,AL,Monroe,42872,11.1
50,AL,Montgomery,50337,7.9
51,AL,Morgan,47479,8.3
52,AL,Perry,40414,13
53,AL,Pickens,43039,7.4
54,AL,Pike,44659,8.4
55,AL,Randolph,41750,5.1
56,AL,Russell,39378,8.3
57,AL,St. Clair,47117,5.4
58,AL,Shelby,64350,4.5
59,AL,Sumter,38253,9.7
60,AL,Talladega,40668,7.1
61,AL,Tallapoosa,48344,6.2
62,AL,Tuscaloosa,43439,6.8
63,AL,Walker,47239,5.6
64,WA,Wilcox,39354,11.1
65,WA,Winston,41700,8.1
67,AK,Aleutians East Borough,60174,-5.1
68,AK,Aleutians West Census Area,65812,4.8
69,AK,Anchorage Municipality,72032,2.2
70,AK,Bethel Census Area,48189,3.7
71,AK,Bristol Bay Borough,155155,1.5
72,AK,Chugach Census Area2,70362,(NA)
73,AK,Copper River Census Area2,55378,(NA)
74,AK,Denali Borough,107916,-11.3
75,AK,Dillingham Census Area,61572,1.4
76,AK,Fairbanks North Star Borough,65314,4.8
77,AK,Haines Borough,88152,-5.4
78,AK,Hoonah-Angoon Census Area,60837,-5.6
79,AK,Juneau City and Borough,75996,1.4
80,AK,Kenai Peninsula Borough,59041,2.7
81,AK,Ketchikan Gateway Borough,72278,-2.3
82,AK,Kodiak Island Borough,69546,5.6
83,AK,Kusilvak Census Area,36753,6.2
84,AK,Lake and Peninsula Borough,67539,2.2
85,AK,Matanuska-Susitna Borough,54207,3.7
86,AK,Nome Census Area,58882,3.3
87,AK,North Slope Borough,73320,-5.7
88,AK,Northwest Arctic Borough,52915,2.8
89,AK,Petersburg Borough,78295,3.3
90,AK,Prince of Wales-Hyder Census Area,53266,2.5
91,AK,Sitka City and Borough,75917,-1.4
92,AK,Skagway Municipality,71409,-23.7
93,AK,Southeast Fairbanks Census Area,58988,4.9
94,AK,Valdez-Cordova Census Area2,(NA),(NA)
95,AK,Wrangell City and Borough,61327,1.8
96,AK,Yakutat City and Borough,66375,-1.3
97,AK,Yukon-Koyukuk Census Area,63452,3.8
99,AZ,Apache,45671,14.7
100,AZ,Cochise,49096,12.9
101,AZ,Coconino,56914,9.2
102,AZ,Gila,48752,10.7
103,AZ,Graham,38785,12.4
104,AZ,Greenlee,48079,6.5
105,AZ,La Paz,49933,7.2
106,AZ,Maricopa,59759,8.1
107,AZ,Mohave,41331,8.6
108,AZ,Navajo,41680,14.1
109,AZ,Pima,52942,9
110,AZ,Pinal,43793,9.6
111,AZ,Santa Cruz,46828,13.4
112,AZ,Yavapai,49060,9
113,AZ,Yuma,44299,13.6
115,AR,Ashley,42844,5.8
116,AR,Baxter,43479,6.3
117,AR,Benton,91687,0.1
118,AR,Boone,42642,6.8
119,AR,Bradley,46734,7.7
120,AR,Calhoun,45401,9.1
121,AR,Carroll,40689,6.3
122,AR,Chicot,47402,17.6
123,AR,Clark,42664,8.3
124,AR,Clay,42999,13.9
125,AR,Cleburne,45289,7.5
126,AR,Cleveland,49569,2.8
127,AR,Columbia,42785,6.2
128,AR,Conway,46412,7
129,AR,Craighead,45160,8.3
130,AR,Crawford,40691,6.7
131,AR,Crittenden,45416,9.5
132,AR,Cross,42009,12.4
133,AR,Dallas,46261,8.9
134,AR,Desha,48464,17.3
135,AR,Drew,45391,9.5
136,AR,Faulkner,45841,6.8
137,AR,Franklin,40591,4.3
138,AR,Fulton,34900,12.4
139,AR,Garland,46897,7.1
140,AR,Grant,46161,7.1
141,AR,Greene,41633,9.6
142,AR,Hempstead,41269,6.4
143,AR,Hot Spring,37474,8.4
144,AR,Howard,42224,2.3
145,AR,Independence,42120,7.1
146,AR,Izard,34986,7
147,AR,Jackson,42871,12.4
148,AR,Jefferson,42076,10.7
149,AR,Johnson,35577,7.3
150,AR,Lafayette,47355,8
151,AR,Lawrence,40161,14.2
152,AR,Lee,37128,13.5
153,AR,Lincoln,33387,7.9
154,AR,Little River,40794,8.3
155,AR,Logan,39622,6.4
156,AR,Lonoke,46388,7.2
157,AR,Madison,40884,2.2
158,AR,Marion,36684,7.8
159,AR,Miller,40319,8
160,MS,Monroe,41783,18.8
161,MS,Montgomery,37039,8.9
162,NV,Newton,38629,8.6
163,NV,Ouachita,46428,8.6
164,NV,Perry,43793,6.7
165,NV,Phillips,45497,15.7
166,NV,Pike,40806,5.7
167,NV,Poinsett,41551,11.4
168,NV,Polk,38178,8.1
169,NV,Pope,40937,3.9
170,NV,Prairie,43835,19
171,NV,Pulaski,58583,6.5
172,NV,Randolph,39491,8.6
173,NV,St. Francis,36761,10.5
174,NV,Saline,49031,5.9
175,NV,Scott,38790,5.2
176,NV,Searcy,34335,11
177,NV,Sebastian,48556,4.9
178,NV,Sevier,41322,5.1
179,NV,Sharp,41025,5.1
180,NV,Stone,37002,5.8
181,NV,Union,50787,4.7
182,NV,Van Buren,38783,8.9
183,WA,White,42743,7.3
184,WA,Woodruff,49050,22.8
185,WA,Yell,41750,2.5
187,CA,Alameda,99746,10.2
188,CA,Alpine,72734,-6.2
189,CA,Amador,49752,8.3
190,CA,Butte,54694,11.3
191,CA,Calaveras,57726,10
192,CA,Colusa,54511,22.8
193,CA,Contra Costa,99312,8.7
194,CA,Del Norte,43951,12.1
195,CA,El Dorado,78525,7.6
196,CA,Fresno,51422,12.4
197,CA,Glenn,50626,13.5
198,CA,Humboldt,53607,9.5
199,CA,Imperial,47653,18.8
200,CA,Inyo,62090,3
201,CA,Kern,45961,11.6
202,CA,Kings,43176,13.1
203,CA,Lake,46918,9.8
204,CA,Lassen,39394,13.7
205,CA,Los Angeles,74141,8.4
206,CA,Madera,45757,11.9
207,CA,Marin,164118,6.1
208,CA,Mariposa,61343,6.6
209,CA,Mendocino,56047,10.6
210,CA,Merced,46580,13.9
211,CA,Modoc,54301,13.4
212,CA,Mono,64164,11.3
213,CA,Monterey,63449,8.5
214,CA,Napa,90608,11.1
215,NV,Orange,81034,7.4
216,NV,Placer,76849,7.2
217,NV,Plumas,57193,7.7
218,NV,Riverside,51180,10.2
219,NV,Sacramento,61829,9.4
220,NV,San Benito,68868,13.2
221,NV,San Bernardino,49493,10.3
222,NV,San Diego,72637,8.5
223,NV,San Francisco,160749,8.2
224,NV,San Joaquin,57783,13.7
225,NV,San Luis Obispo,66617,6.4
226,NV,San Mateo,160485,8.4
227,NV,Santa Barbara,73995,9.2
228,NV,Santa Clara,138724,8
229,NV,Santa Cruz,85554,10.1
230,NV,Shasta,54972,11.7
231,NV,Sierra,47135,7.7
232,NV,Siskiyou,52368,12.4
233,NV,Solano,65448,12.7
234,NV,Sonoma,81006,10.2
235,NV,Stanislaus,52356,12.3
236,NV,Sutter,53017,12.4
237,NV,Tehama,48042,11.4
238,NV,Trinity,36906,6.9
239,NV,Tulare,47986,13.7
240,NV,Tuolumne,52306,7.6
241,NV,Ventura,73375,7.5
242,NV,Yolo,64468,9.3
243,NV,Yuba,48984,10.5
245,CO,Adams,53183,7.4
246,CO,Alamosa,44507,8.2
247,CO,Arapahoe,74267,5.1
248,CO,Archuleta,52312,7.6
249,CO,Baca,52905,15.4
250,CO,Bent,32716,9.4
251,CO,Boulder,89593,4.4
252,CO,Broomfield,73678,-0.4
253,CO,Chaffee,60550,6.1
254,CO,Cheyenne,76057,-11.6
255,CO,Clear Creek,77242,6.6
256,CO,Conejos,45961,8.3
257,CO,Costilla,43239,6.4
258,CO,Crowley,24314,11.4
259,CO,Custer,51271,6.4
260,CO,Delta,46042,12.1
261,CO,Denver,99133,3.7
262,CO,Dolores,39481,4.2
263,CO,Douglas,87841,4.7
264,CO,Eagle,97255,8
265,CO,Elbert,70961,4.2
266,CO,El Paso,58627,7.2
267,CO,Fremont,41017,9
268,CO,Garfield,67123,5.3
269,CO,Gilpin,63971,9.8
270,CO,Grand,62267,6.3
271,CO,Gunnison,59514,8.2
272,CO,Hinsdale,56524,2.6
273,CO,Huerfano,48801,9.9
274,CO,Jackson,62823,6.8
275,CO,Jefferson,74822,3.8
276,CO,Kiowa,75006,2.1
277,CO,Kit Carson,52253,0.6
278,CO,Lake,48942,10.4
279,CO,La Plata,66944,4.8
280,CO,Larimer,64258,5.9
281,CO,Las Animas,44731,10.4
282,CO,Lincoln,37623,11.3
283,CO,Logan,48330,2.3
284,CO,Mesa,52121,5.5
285,CO,Mineral,70250,2.6
286,CO,Moffat,49227,9.4
287,CO,Montezuma,50960,6.4
288,CO,Montrose,50789,8.2
289,CO,Morgan,52069,5.8
290,CO,Otero,42752,8.9
291,CO,Ouray,76727,7.2
292,CO,Park,57127,6.5
293,CO,Phillips,50382,4.3
294,CO,Pitkin,198939,2.4
295,CO,Prowers,46073,5.2
296,CO,Pueblo,46927,9.2
297,CO,Rio Blanco,54745,6.5
298,CO,Rio Grande,57350,9
299,CO,Routt,98371,7.1
300,CO,Saguache,43959,4.2
301,CO,San Juan,58067,7.9
302,CO,San Miguel,109613,6
303,CO,Sedgwick,51705,-2.1
304,CO,Summit,86390,6.1
305,CO,Teller,61966,7.3
306,WA,Weld,56553,4.5
307,WA,Yuma,48898,-6
309,CT,Fairfield,127391,2
310,CT,Hartford,70168,4.5
311,CT,Litchfield,74852,5.9
312,CT,Middlesex,74453,4.5
313,CT,New Haven,64643,5.7
314,CT,New London,63877,4.9
315,CT,Tolland,63722,5
316,CT,Windham,55261,7.3
318,DE,Kent,50432,4.6
319,DE,New Castle,63189,4.2
320,DE,Sussex,59472,2.8
323,FL,Alachua,52367,6.5
324,FL,Baker,40735,6.7
325,FL,Bay,53980,8.5
326,FL,Bradford,39748,7.1
327,FL,Brevard,55477,6.2
328,FL,Broward,64453,6.4
329,FL,Calhoun,35792,10.1
330,FL,Charlotte,51677,5
331,FL,Citrus,45050,5.8
332,FL,Clay,51885,6.1
333,FL,Collier,117984,2
334,FL,Columbia,43184,7.1
335,FL,DeSoto,32873,6.7
336,FL,Dixie,33813,8.7
337,FL,Duval,54354,6.8
338,FL,Escambia,51808,6.9
339,FL,Flagler,56336,3.8
340,FL,Franklin,41878,6.8
341,FL,Gadsden,44832,8.7
342,FL,Gilchrist,41769,6.6
343,FL,Glades,33401,9.5
344,FL,Gulf,49250,6.2
345,FL,Hamilton,32123,7.8
346,FL,Hardee,35636,8.5
347,FL,Hendry,39699,9.7
348,FL,Hernando,46080,7.2
349,FL,Highlands,41568,7.9
350,FL,Hillsborough,58140,6.7
351,FL,Holmes,37381,7.2
352,FL,Indian River,95109,2.8
353,FL,Jackson,39322,6.6
354,FL,Jefferson,50197,4.8
355,FL,Lafayette,31218,5.9
356,FL,Lake,49831,4.6
357,FL,Lee,62885,4.9
358,FL,Leon,54277,6.4
359,FL,Levy,43272,7.5
360,FL,Liberty,32872,11.8
361,FL,Madison,39165,8.1
362,FL,Manatee,59152,4.3
363,FL,Marion,45152,7.2
364,FL,Martin,102273,2.9
365,FL,Miami-Dade,64849,2.8
366,FL,Monroe,109136,1.4
367,FL,Nassau,70010,4.4
368,FL,Okaloosa,59384,6.6
369,FL,Okeechobee,39747,7.2
370,FL,Orange,54979,6.3
371,FL,Osceola,43354,8
372,FL,Palm Beach,100627,3.9
373,FL,Pasco,50479,6.6
374,FL,Pinellas,65936,5.8
375,FL,Polk,43556,7.3
376,FL,Putnam,40376,8.5
377,FL,St. Johns,80062,2.8
378,FL,St. Lucie,50038,5.7
379,FL,Santa Rosa,53778,5.3
380,FL,Sarasota,78815,3.5
381,FL,Seminole,58539,3.9
382,FL,Sumter,64282,2.9
383,FL,Suwannee,39039,6.8
384,FL,Taylor,35156,7.8
385,FL,Union,25293,8
386,FL,Volusia,52964,4.3
387,FL,Wakulla,45669,6
388,FL,Walton,78714,3.8
390,GA,Appling,41863,9.8
391,GA,Atkinson,35527,6.9
392,GA,Bacon,39471,15.6
393,GA,Baker,51216,8.4
394,GA,Baldwin,40542,8.2
395,GA,Banks,43766,4.6
396,GA,Barrow,44534,7.1
397,GA,Bartow,47162,8.4
398,GA,Ben Hill,38640,11.7
399,GA,Berrien,39945,8.3
400,GA,Bibb,46781,8
401,GA,Bleckley,41298,7.3
402,GA,Brantley,35435,11.7
403,GA,Brooks,40982,9.7
404,GA,Bryan,54772,4.4
405,GA,Bulloch,37901,7.8
406,GA,Burke,41870,8.7
407,GA,Butts,41657,7
408,GA,Calhoun,34306,10.4
409,GA,Camden,42945,6.9
410,GA,Candler,40988,8.8
411,GA,Carroll,47002,8.2
412,GA,Catoosa,42448,8.6
413,GA,Charlton,30916,9.1
414,GA,Chatham,54586,7.9
415,GA,Chattahoochee,39690,10.3
416,GA,Chattooga,36833,8.8
417,GA,Cherokee,60235,4.8
418,GA,Clarke,40672,7.9
419,GA,Clay,40439,14
420,GA,Clayton,36056,14.7
421,GA,Clinch,42450,7.2
422,GA,Cobb,67616,4.7
423,GA,Coffee,40209,8.6
424,GA,Colquitt,40678,10.6
425,GA,Columbia,58242,5.3
426,GA,Cook,39380,8.4
427,GA,Coweta,57721,6.7
428,GA,Crawford,41063,7.5
429,GA,Crisp,45951,9.7
430,GA,Dade,40579,7.2
431,GA,Dawson,53996,4.1
432,GA,Decatur,41331,9.4
433,GA,DeKalb,61861,7.5
434,GA,Dodge,37268,7.7
435,GA,Dooly,43689,6.9
436,GA,Dougherty,44575,11.9
437,GA,Douglas,44779,10
438,GA,Early,43650,8.8
439,GA,Echols,36062,14.2
440,GA,Effingham,48212,6.1
441,GA,Elbert,41104,6.8
442,GA,Emanuel,40614,12.9
443,GA,Evans,39404,9.1
444,GA,Fannin,46163,5.8
445,GA,Fayette,73202,4.1
446,GA,Floyd,44803,6.2
447,GA,Forsyth,73337,3.5
448,GA,Franklin,39616,0.9
449,GA,Fulton,102074,0.7
450,GA,Gilmer,42351,4.4
451,GA,Glascock,42716,6.8
452,GA,Glynn,55351,7.1
453,GA,Gordon,42281,5.1
454,GA,Grady,39020,5.9
455,GA,Greene,67417,1.1
456,GA,Gwinnett,50256,8.2
457,GA,Habersham,39304,5
458,GA,Hall,53920,5.6
459,GA,Hancock,35778,8
460,GA,Haralson,44003,5.8
461,GA,Harris,56595,4.4
462,GA,Hart,43900,4.3
463,GA,Heard,39769,6.5
464,GA,Henry,46961,8.7
465,GA,Houston,48929,5.5
466,GA,Irwin,40963,10.3
467,GA,Jackson,49063,4.6
468,GA,Jasper,44317,4.8
469,GA,Jeff Davis,38122,8.6
470,GA,Jefferson,43720,12.9
471,GA,Jenkins,36886,12
472,GA,Johnson,33265,11.7
473,GA,Jones,44704,6.6
474,GA,Lamar,41856,8.2
475,GA,Lanier,36086,9.3
476,GA,Laurens,43532,9.2
477,GA,Lee,50409,7.2
478,GA,Liberty,41672,8.3
479,GA,Lincoln,46087,7.3
480,GA,Long,38480,8.5
481,GA,Lowndes,43546,7.8
482,GA,Lumpkin,44843,5.8
483,GA,McDuffie,43362,9.7
484,GA,McIntosh,47287,10.2
485,GA,Macon,39164,6.8
486,GA,Madison,43445,2.2
487,GA,Marion,39075,7.7
488,GA,Meriwether,44305,10.1
489,GA,Miller,50213,6.8
490,GA,Mitchell,42397,8.9
491,GA,Monroe,52718,5.8
492,GA,Montgomery,37935,13
493,GA,Morgan,57857,4.4
494,GA,Murray,37264,8.8
495,GA,Muscogee,49091,7.1
496,GA,Newton,42056,9.5
497,GA,Oconee,76403,2.5
498,GA,Oglethorpe,43517,1.8
499,GA,Paulding,47381,7.3
500,GA,Peach,43641,7.5
501,GA,Pickens,55398,4.6
502,GA,Pierce,41882,7.3
503,GA,Pike,48643,6.1
504,GA,Polk,39578,8
505,GA,Pulaski,40100,7.9
506,GA,Putnam,53019,7.8
507,GA,Quitman,38398,10.7
508,GA,Rabun,50488,8.4
509,GA,Randolph,43049,12.4
510,GA,Richmond,43429,7.8
511,GA,Rockdale,43042,10.5
512,GA,Schley,43917,6.8
513,GA,Screven,40137,8.9
514,GA,Seminole,46274,8.2
515,GA,Spalding,43098,9.3
516,GA,Stephens,41822,7.1
517,GA,Stewart,32844,13.1
518,GA,Sumter,43130,7.9
519,GA,Talbot,45385,12.3
520,GA,Taliaferro,41494,-0.9
521,GA,Tattnall,35616,4.6
522,GA,Taylor,39030,4
523,GA,Telfair,30573,10.4
524,GA,Terrell,47258,8.8
525,GA,Thomas,52349,8.6
526,GA,Tift,44913,9.3
527,GA,Toombs,42075,11.2
528,GA,Towns,45939,7.6
529,GA,Treutlen,38090,9.3
530,GA,Troup,45441,11.2
531,GA,Turner,38250,7.5
532,GA,Twiggs,44235,6.1
533,GA,Union,44163,5.2
534,GA,Upson,42364,7.6
535,GA,Walker,40744,7.1
536,GA,Walton,49062,5.8
537,GA,Ware,38862,9.1
538,GA,Warren,42377,10.9
539,WA,Wayne,37997,6.9
540,WA,Webster,43682,7.8
541,WA,Wheeler,24241,12.7
542,WA,White,46899,7.2
543,WA,Whitfield,47545,8.8
544,WA,Wilcox,32288,4.4
545,WA,Wilkes,48806,1.6
546,WA,Wilkinson,42625,11.1
547,WA,Worth,41431,8.8
549,HI,Honolulu,63912,4.4
550,HI,Kauai,56103,5.8
551,HI,Maui + Kalawao,58520,2.5
553,ID,Ada,62610,7.5
554,ID,Adams,44261,6
555,ID,Bannock,45443,8.4
556,ID,Bear Lake,45385,8
557,ID,Benewah,43922,8.5
558,ID,Bingham,42774,9.8
559,ID,Blaine,134722,4.2
560,ID,Boise,53198,7.5
561,ID,Bonner,49868,8.6
562,ID,Bonneville,58430,8.2
563,ID,Boundary,44200,7.2
564,ID,Butte,48844,10.1
565,ID,Camas,62248,10
566,ID,Canyon,41980,9
567,ID,Caribou,47740,11
568,ID,Cassia,47780,6.8
569,ID,Clark,47973,9.3
570,ID,Clearwater,41834,8.8
571,ID,Custer,48619,10
572,ID,Elmore,41884,5.1
573,ID,Franklin,43472,10.2
574,ID,Fremont (includes Yellowstone National Park),42503,8.4
575,ID,Gem,45441,6.9
576,ID,Gooding,63847,7.1
577,ID,Jefferson,42307,5.6
578,ID,Jerome,42356,8.6
579,ID,Kootenai,54406,7
580,ID,Latah,50703,7.3
581,ID,Lemhi,50927,10.5
582,ID,Lewis,62533,10.6
583,ID,Lincoln,42718,5
584,ID,Madison,25648,7
585,ID,Minidoka,45273,9.8
586,ID,Nez Perce,50993,8.4
587,ID,Oneida,44887,9.9
588,ID,Owyhee,43713,7.2
589,ID,Payette,45796,5.7
590,ID,Power,43031,8.9
591,ID,Shoshone,45434,14.6
592,ID,Teton,53564,5.8
593,ID,Twin Falls,45627,7.7
594,ID,Valley,57895,6.6
596,IL,Adams,55254,8.6
597,IL,Alexander,51974,18.1
598,IL,Bond,44653,8.9
599,IL,Boone,54496,6.2
600,IL,Brown,44740,11
601,IL,Bureau,51269,10.8
602,IL,Calhoun,55240,10.9
603,IL,Carroll,49976,11.8
604,IL,Cass,48959,14.8
605,IL,Champaign,54638,8.7
606,IL,Christian,48831,10.8
607,IL,Clark,51307,7.9
608,IL,Clay,49656,11.5
609,IL,Clinton,56536,7.1
610,IL,Coles,53596,9.9
611,IL,Cook,73557,5.6
612,IL,Crawford,52318,6.8
613,IL,Cumberland,84035,5.8
614,IL,DeKalb,51571,8.4
615,IL,De Witt,57473,13
616,IL,Douglas,60587,9.5
617,IL,DuPage,85498,5
618,IL,Edgar,54641,15.3
619,IL,Edwards,51628,10.4
620,IL,Effingham,61218,10.2
621,IL,Fayette,44763,11
622,IL,Ford,62180,12.5
623,IL,Franklin,45473,10.1
624,IL,Fulton,46395,10.2
625,IL,Gallatin,53962,11.8
626,IL,Greene,51356,14.2
627,IL,Grundy,65839,2
628,IL,Hamilton,53814,10.9
629,IL,Hancock,55095,13.4
630,IL,Hardin,46724,10.5
631,IL,Henderson,54766,15.1
632,IL,Henry,54747,9.8
633,IL,Iroquois,56185,14.4
634,IL,Jackson,46443,8.3
635,IL,Jasper,54032,15.3
636,IL,Jefferson,48057,10.1
637,IL,Jersey,50874,9.3
638,IL,Jo Daviess,56428,8.8
639,IL,Johnson,40166,7.9
640,IL,Kane,62837,6.8
641,IL,Kankakee,53165,10
642,IL,Kendall,58848,5.7
643,IL,Knox,47985,12.3
644,IL,Lake,89025,3.9
645,IL,LaSalle,53033,8.1
646,IL,Lawrence,40385,15.3
647,IL,Lee,51124,10.4
648,IL,Livingston,57213,14.6
649,IL,Logan,47074,11.3
650,IL,McDonough,48261,9.8
651,IL,McHenry,64119,5.3
652,IL,McLean,58503,10.1
653,IL,Macon,56548,9.1
654,IL,Macoupin,49950,9.4
655,IL,Madison,55538,7.1
656,IL,Marion,50107,10.4
657,IL,Marshall,54239,11.8
658,IL,Mason,53655,13.4
659,IL,Massac,46618,10.8
660,IL,Menard,55848,9.1
661,IL,Mercer,57676,13.7
662,IL,Monroe,65224,4.1
663,IL,Montgomery,43358,10.8
664,IL,Morgan,49678,9.7
665,IL,Moultrie,76100,2.5
666,IL,Ogle,53050,6.5
667,IL,Peoria,57439,8.2
668,IL,Perry,43777,9.3
669,IL,Piatt,63905,9.7
670,IL,Pike,54377,15.5
671,IL,Pope,39435,14.5
672,IL,Pulaski,48561,13.1
673,IL,Putnam,74073,1.8
674,IL,Randolph,46251,9.9
675,IL,Richland,49491,10.1
676,IL,Rock Island,51429,8.7
677,IL,St. Clair,54185,8.4
678,IL,Saline,47402,9
679,IL,Sangamon,57206,7.3
680,IL,Schuyler,51383,11.4
681,IL,Scott,52741,13.9
682,IL,Shelby,51977,11.1
683,IL,Stark,56551,18.5
684,IL,Stephenson,50815,8.2
685,IL,Tazewell,54768,7.5
686,IL,Union,49595,10.7
687,IL,Vermilion,49265,12.3
688,IL,Wabash,51743,9.8
689,IL,Warren,52506,14
690,WA,Wayne,48754,11
691,WA,White,55372,5.1
692,WA,Whiteside,52341,10.3
693,WA,Will,62272,5.7
694,WA,Williamson,52329,7.3
695,WA,Winnebago,50510,8.1
696,WA,Woodford,60004,7.8
698,IN,Adams,47209,7
699,IN,Allen,54681,6.8
700,IN,Bartholomew,61136,6.3
701,IN,Benton,53602,14.6
702,IN,Blackford,44325,6.9
703,IN,Boone,84985,3.2
704,IN,Brown,55345,5.6
705,IN,Carroll,51293,8.5
706,IN,Cass,47854,9.5
707,IN,Clark,51887,6.7
708,IN,Clay,44878,9.1
709,IN,Clinton,45305,8.2
710,IN,Crawford,41854,9.5
711,IN,Daviess,53008,11.5
712,IN,Dearborn,55782,5.7
713,IN,Decatur,53393,8.7
714,IN,DeKalb,51961,6.1
715,DE,Dubois,60954,6.1
716,DE,Elkhart,55007,7.5
717,DE,Fayette,47588,8.5
718,DE,Floyd,62578,4.5
719,DE,Fountain,48583,10.1
720,DE,Franklin,54451,8.1
721,DE,Fulton,49205,8.4
722,DE,Gibson,53562,7.6
723,DE,Grant,46892,9.1
724,DE,Greene,50131,8.2
725,DE,Hamilton,85814,3.8
726,DE,Hancock,58095,5.2
727,DE,Harrison,51770,7.1
728,DE,Hendricks,59804,7.1
729,DE,Henry,46146,8.6
730,DE,Howard,47031,5.7
731,DE,Huntington,49571,7.9
732,DE,Jackson,49451,7.8
733,DE,Jasper,55018,9.8
734,DE,Jay,49300,13.2
735,DE,Jefferson,50734,8.1
736,DE,Jennings,49519,9
737,DE,Johnson,56808,5.5
738,DE,Knox,53525,9.5
739,DE,Kosciusko,55625,6.9
740,DE,Lagrange,49767,6.9
741,DE,Lake,53181,6.7
742,DE,LaPorte,49508,7.7
743,DE,Lawrence,51160,8.8
744,DE,Madison,45755,8
745,DE,Marion,65625,9
746,DE,Marshall,51474,8.3
747,DE,Martin,49082,11.2
748,DE,Miami,40179,6.4
749,DE,Monroe,52392,6.2
750,DE,Montgomery,48866,8.9
751,DE,Morgan,51539,6
752,DE,Newton,51905,11.4
753,DE,Noble,48060,7.6
754,OH,Orange,43422,7.3
755,OH,Owen,48681,8.6
756,OH,Parke,48252,12.2
757,OH,Perry,42358,4.5
758,OH,Pike,47977,7.3
759,OH,Porter,61250,4.7
760,OH,Posey,59105,7.6
761,OH,Pulaski,54133,11.8
762,OH,Putnam,45681,7.8
763,OH,Randolph,49116,12.4
764,OH,Ripley,49158,9.1
765,OH,Rush,54210,7.4
766,OH,St. Joseph,56122,5.8
767,OH,Scott,44678,7.8
768,OH,Shelby,52065,7.6
769,OH,Spencer,52615,5
770,OH,Starke,42083,9.5
771,OH,Steuben,52244,6.6
772,OH,Sullivan,43091,8.8
773,OH,Switzerland,42481,10.9
774,OH,Tippecanoe,45950,4.7
775,OH,Tipton,51881,7.2
776,OH,Union,47359,9.6
777,OH,Vanderburgh,55099,7.6
778,OH,Vermillion,45487,10.1
779,OH,Vigo,45767,8.6
780,OH,Wabash,51300,9.3
781,OH,Warren,52196,12
782,OH,Warrick,64880,3.8
783,WA,Wayne,48785,7.8
784,WA,Wells,49953,7
785,WA,White,51422,9.7
786,WA,Whitley,53969,6
788,IA,Adair,61765,8.8
789,IA,Adams,62223,-4.6
790,IA,Allamakee,53807,5
791,IA,Appanoose,46396,8.7
792,IA,Audubon,62773,4.5
793,IA,Benton,63072,6.1
794,IA,Black Hawk,51911,7.3
795,IA,Boone,54521,6.2
796,IA,Bremer,57876,6.5
797,IA,Buchanan,57200,5.3
798,IA,Buena Vista,49006,6.4
799,IA,Butler,57604,6.2
800,IA,Calhoun,57289,4.9
801,IA,Carroll,60290,4.4
802,IA,Cass,55056,5.5
803,IA,Cedar,63197,5
804,IA,Cerro Gordo,56955,6.9
805,IA,Cherokee,61661,1.8
806,IA,Chickasaw,64737,5.8
807,IA,Clarke,45292,9.4
808,IA,Clay,59187,7
809,IA,Clayton,59656,7.9
810,IA,Clinton,52308,7.1
811,IA,Crawford,51690,5.8
812,IA,Dallas,73673,3.7
813,IA,Davis,44337,4
814,IA,Decatur,42171,7.8
815,DE,Des Moines,56425,5.6
816,DE,Dickinson,69628,3.5
817,DE,Dubuque,56782,6.6
818,DE,Emmet,51890,2
819,DE,Fayette,51226,6.9
820,DE,Floyd,56044,5.6
821,DE,Franklin,59466,6.1
822,DE,Fremont,59090,7.6
823,DE,Greene,58799,8
824,DE,Grundy,62531,7.4
825,DE,Guthrie,63098,9.5
826,DE,Hamilton,58126,-1.4
827,DE,Hancock,61201,3.2
828,DE,Hardin,56678,4
829,DE,Harrison,55468,5.5
830,DE,Henry,49117,6.1
831,DE,Howard,58411,6.9
832,DE,Humboldt,56985,4.6
833,DE,Ida,65824,11.7
834,IA,Jackson,53777,8.1
835,IA,Jasper,50190,7.3
836,IA,Jefferson,55900,6.4
837,IA,Johnson,59592,4.2
838,IA,Jones,51576,6.7
839,IA,Keokuk,52878,7.7
840,IA,Kossuth,60595,4.2
841,IA,Lee,48394,6.9
842,IA,Linn,59294,5.9
843,IA,Louisa,50885,3.6
844,IA,Lucas,47774,6
845,IA,Lyon,61551,-0.6
846,IA,Madison,57263,6.1
847,IA,Mahaska,49933,5.8
848,IA,Marion,56989,6.1
849,IA,Marshall,50776,8.9
850,IA,Mills,66042,2.7
851,IA,Mitchell,63605,-7.7
852,IA,Monona,57720,7.5
853,IA,Monroe,52821,6.7
854,IA,Montgomery,48436,7.4
855,IA,Muscatine,53861,4.8
856,IA,O'Brien,61882,4.4
857,IA,Osceola,55063,0.5
858,IA,Page,52069,11.1
859,IA,Palo Alto,56973,-4.3
860,IA,Plymouth,63214,2.5
861,IA,Pocahontas,57640,-2.3
862,IA,Polk,60799,7
863,IA,Pottawattamie,51370,6.2
864,IA,Poweshiek,53996,9.1
865,IA,Ringgold,57317,6.4
866,IA,Sac,65620,-1.3
867,IA,Scott,60349,5.7
868,IA,Shelby,61414,5.4
869,IA,Sioux,57558,4.4
870,IA,Story,47923,4.4
871,IA,Tama,58311,12
872,IA,Taylor,54870,7.5
873,IA,Union,48291,5.8
874,IA,Van Buren,47655,4.2
875,IA,Wapello,44912,9
876,IA,Warren,57847,4.8
877,WA,Wayne,50859,7.5
878,WA,Webster,51331,4.4
879,WA,Winnebago,50769,7.9
880,WA,Winneshiek,58872,8.9
881,WA,Woodbury,50607,6.9
882,WA,Worth,53342,10.1
883,WA,Wright,56543,2.3
885,KS,Allen,49326,7.5
886,KS,Anderson,52810,14.2
887,KS,Atchison,44710,9.7
888,KS,Barber,56193,15.3
889,KS,Barton,53532,4.5
890,KS,Bourbon,47885,8.8
891,KS,Brown,51906,7.4
892,KS,Butler,51643,4.1
893,KS,Chase,64717,17.5
894,KS,Chautauqua,45394,8
895,KS,Cherokee,51492,12.7
896,KS,Cheyenne,65154,22.9
897,KS,Clark,59045,7.9
898,KS,Clay,50592,11.1
899,KS,Cloud,47195,13.1
900,KS,Coffey,58867,10.1
901,KS,Comanche,54928,15.4
902,KS,Cowley,44888,7.8
903,KS,Crawford,45046,9.3
904,KS,Decatur,58270,21.7
905,KS,Dickinson,49255,9.7
906,KS,Doniphan,48727,8.9
907,KS,Douglas,51703,5.7
908,KS,Edwards,68555,20.1
909,KS,Elk,47485,8.7
910,KS,Ellis,53348,7.5
911,KS,Ellsworth,47749,3
912,KS,Finney,47523,8.2
913,KS,Ford,47052,13.2
914,KS,Franklin,49652,6.4
915,KS,Geary,52135,5
916,KS,Gove,69011,15.1
917,KS,Graham,62383,11.5
918,KS,Grant,43192,4.3
919,KS,Gray,64859,8.7
920,KS,Greeley,93667,37.7
921,KS,Greenwood,49675,11.4
922,KS,Hamilton,71468,34.4
923,KS,Harper,61799,12.1
924,KS,Harvey,49642,7.2
925,KS,Haskell,70901,17
926,KS,Hodgeman,67659,16.8
927,KS,Jackson,50620,9.2
928,KS,Jefferson,52892,6.9
929,KS,Jewell,60881,17.6
930,KS,Johnson,84535,2.9
931,KS,Kearny,65779,20.1
932,KS,Kingman,52283,13.3
933,KS,Kiowa,57085,26
934,KS,Labette,49538,9.8
935,KS,Lane,75517,9.1
936,KS,Leavenworth,49330,5.2
937,KS,Lincoln,56308,18.9
938,KS,Linn,48383,10.1
939,KS,Logan,63461,21.2
940,KS,Lyon,46177,10.7
941,KS,McPherson,57951,5.8
942,KS,Marion,49005,11.2
943,KS,Marshall,50995,12.8
944,KS,Meade,74713,14
945,KS,Miami,56719,6.7
946,KS,Mitchell,71245,14.3
947,KS,Montgomery,43689,8.6
948,KS,Morris,52926,13.7
949,KS,Morton,58423,16.4
950,KS,Nemaha,60858,14.3
951,KS,Neosho,47902,9.2
952,KS,Ness,66087,11.8
953,KS,Norton,51714,17.7
954,KS,Osage,50353,9.8
955,KS,Osborne,55815,9.4
956,KS,Ottawa,50373,10.8
957,KS,Pawnee,48441,8.1
958,KS,Phillips,64720,9.2
959,KS,Pottawatomie,59324,6.6
960,KS,Pratt,58092,9.7
961,KS,Rawlins,80389,23.8
962,KS,Reno,47918,7.9
963,KS,Republic,49342,11.2
964,KS,Rice,47894,6.9
965,KS,Riley,47764,5.8
966,KS,Rooks,49795,16
967,KS,Rush,62819,15.8
968,KS,Russell,53679,8.1
969,KS,Saline,56258,3.8
970,KS,Scott,60794,11.1
971,KS,Sedgwick,57713,3.5
972,KS,Seward,44209,12.4
973,KS,Shawnee,54066,7.4
974,KS,Sheridan,56735,19.5
975,KS,Sherman,52785,18
976,KS,Smith,58450,20.3
977,KS,Stafford,52643,8.7
978,KS,Stanton,94353,22.4
979,KS,Stevens,52345,15.8
980,KS,Sumner,48658,9.4
981,KS,Thomas,51579,7.4
982,KS,Trego,61938,16.3
983,KS,Wabaunsee,58400,6.1
984,KS,Wallace,61727,15.5
985,WA,Wichita,59792,-2
986,WA,Wilson,47962,9.4
987,WA,Woodson,47014,10.9
988,WA,Wyandotte,39143,8.1
990,KY,Adair,41385,11.9
991,KY,Allen,40682,6.8
992,KY,Anderson,45331,7.6
993,KY,Ballard,50888,9.9
994,KY,Barren,43678,7.8
995,KY,Bath,37710,10.8
996,KY,Bell,41763,15.8
997,KY,Boone,56759,6.4
998,KY,Bourbon,55087,2.5
999,KY,Boyd,46039,9.5
1000,KY,Boyle,46181,8.5
1001,KY,Bracken,44913,9.6
1002,KY,Breathitt,39754,11.1
1003,KY,Breckinridge,42724,10.1
1004,KY,Bullitt,50169,7.6
1005,KY,Butler,43937,9.7
1006,KY,Caldwell,44963,12.7
1007,KY,Calloway,44116,9.1
1008,KY,Campbell,58701,6.8
1009,KY,Carlisle,52638,4.6
1010,KY,Carroll,45317,9.4
1011,KY,Carter,39323,13.5
1012,KY,Casey,40837,14.5
1013,KY,Christian,45643,9.6
1014,KY,Clark,47411,8.4
1015,KY,Clay,39099,14.8
1016,KY,Clinton,44613,14.5
1017,KY,Crittenden,43616,10.2
1018,KY,Cumberland,51001,16.3
1019,KY,Daviess,50079,8.6
1020,KY,Edmonson,41099,8.3
1021,KY,Elliott,29572,16.4
1022,KY,Estill,40235,10.8
1023,KY,Fayette,59987,6.8
1024,KY,Fleming,41490,12.7
1025,KY,Floyd,44198,9.1
1026,KY,Franklin,49985,8.2
1027,KY,Fulton,41650,10.9
1028,KY,Gallatin,42255,11.2
1029,KY,Garrard,43418,9
1030,KY,Grant,45039,9.8
1031,KY,Graves,47933,8.6
1032,KY,Grayson,42043,12.2
1033,KY,Green,42768,11.9
1034,KY,Greenup,47675,8.8
1035,KY,Hancock,46528,7.4
1036,KY,Hardin,51525,7.8
1037,KY,Harlan,39123,12.8
1038,KY,Harrison,43811,9.3
1039,KY,Hart,40257,7.8
1040,KY,Henderson,49580,9.9
1041,KY,Henry,48943,9.1
1042,KY,Hickman,54685,0.7
1043,KY,Hopkins,46673,6.1
1044,KY,Jackson,38055,11.3
1045,KY,Jefferson,61474,7.4
1046,KY,Jessamine,55040,7
1047,KY,Johnson,41110,10
1048,KY,Kenton,67808,8
1049,KY,Knott,41185,13.3
1050,KY,Knox,39901,15
1051,KY,Larue,45069,9.3
1052,KY,Laurel,41037,11.2
1053,KY,Lawrence,38139,9.7
1054,KY,Lee,36847,13.9
1055,KY,Leslie,40852,13.2
1056,KY,Letcher,40315,13.6
1057,KY,Lewis,40075,13.7
1058,KY,Lincoln,40880,10.5
1059,KY,Livingston,47052,11.4
1060,KY,Logan,45732,8.9
1061,KY,Lyon,41762,10.1
1062,KY,McCracken,56089,9.8
1063,KY,McCreary,35811,16.4
1064,KY,McLean,50679,5
1065,KY,Madison,42808,8.9
1066,KY,Magoffin,43913,15.6
1067,KY,Marion,43909,8.6
1068,KY,Marshall,48292,8.4
1069,KY,Martin,35932,15.7
1070,KY,Mason,47927,9.6
1071,KY,Meade,46893,8
1072,KY,Menifee,41028,11.7
1073,KY,Mercer,43163,7.9
1074,KY,Metcalfe,38284,10.8
1075,KY,Monroe,44045,12
1076,KY,Montgomery,42710,10
1077,KY,Morgan,33208,12.4
1078,KY,Muhlenberg,40634,6.6
1079,KY,Nelson,51367,8.6
1080,KY,Nicholas,41414,10.2
1081,OH,Oldham,73110,3.8
1082,OH,Owen,39661,9.7
1083,OH,Owsley,45731,16.3
1084,OH,Pendleton,51933,2.2
1085,OH,Perry,44108,11.9
1086,OH,Pike,42691,10.5
1087,OH,Powell,37993,13.9
1088,OH,Pulaski,46607,9.5
1089,OH,Robertson,41155,15.9
1090,OH,Rockcastle,41290,11.2
1091,OH,Rowan,37769,9.6
1092,OH,Russell,45383,9.8
1093,OH,Scott,52325,6.6
1094,OH,Shelby,55471,7.5
1095,OH,Simpson,44178,9.9
1096,OH,Spencer,53915,6.5
1097,OH,Taylor,41752,10.9
1098,OH,Todd,46946,7
1099,OH,Trigg,47026,9.1
1100,OH,Trimble,47815,9.6
1101,OH,Union,49499,12.7
1102,OH,Warren,43812,7.3
1103,WA,Wayne,38628,14.6
1104,WA,Webster,48336,5.3
1105,WA,Whitley,42266,10.9
1106,WA,Wolfe,45286,15.9
1107,WA,Woodford,59860,4.5
1109,LA,Acadia,45805,10.2
1110,LA,Allen,42949,6.7
1111,LA,Ascension,58566,5.1
1112,LA,Assumption,56352,4.6
1113,LA,Avoyelles,45777,9.6
1114,LA,Beauregard,50015,7.4
1115,LA,Bienville,46442,9.4
1116,LA,Bossier,51970,7.8
1117,LA,Caddo,57420,7.3
1118,LA,Calcasieu,50775,2.6
1119,LA,Caldwell,42049,9.8
1120,LA,Cameron,63384,1.5
1121,LA,Catahoula,43386,13.9
1122,LA,Claiborne,43953,6.7
1123,LA,Concordia,43299,16.3
1124,LA,De Soto,51447,6.2
1125,LA,East Baton Rouge,59352,8
1126,LA,East Carroll,39981,15.5
1127,LA,East Feliciana,47562,5.9
1128,LA,Evangeline,42109,13.9
1129,LA,Franklin,40589,13.9
1130,LA,Grant,37764,9.8
1131,LA,Iberia,47594,8.1
1132,LA,Iberville,52930,8.5
1133,LA,Jackson,43272,9.7
1134,LA,Jefferson,58284,7.4
1135,LA,Jefferson Davis,46922,6.8
1136,LA,Lafayette,57674,8.1
1137,LA,Lafourche,49614,2.9
1138,LA,LaSalle,37546,5.9
1139,LA,Lincoln,45588,6.2
1140,LA,Livingston,48854,5.2
1141,LA,Madison,44828,19.3
1142,LA,Morehouse,44860,11.8
1143,LA,Natchitoches,46579,5.3
1144,LA,Orleans,62249,7.1
1145,LA,Ouachita,46804,9.1
1146,LA,Plaquemines,55108,8.5
1147,LA,Pointe Coupee,58807,7.6
1148,LA,Rapides,54153,9.7
1149,LA,Red River,54964,8.1
1150,LA,Richland,45736,10.6
1151,LA,Sabine,45105,6.8
1152,LA,St. Bernard,42310,9
1153,LA,St. Charles,56921,6.9
1154,LA,St. Helena,50554,9.6
1155,LA,St. James,61471,5.4
1156,LA,St. John the Baptist,49045,8.2
1157,LA,St. Landry,49358,9.3
1158,LA,St. Martin,46248,8
1159,LA,St. Mary,49034,10.9
1160,LA,St. Tammany,71361,-3.6
1161,LA,Tangipahoa,47076,8.1
1162,LA,Tensas,50669,12.3
1163,LA,Terrebonne,49612,7.8
1164,LA,Union,49647,6.5
1165,LA,Vermilion,46494,6.4
1166,LA,Vernon,47307,6.7
1167,WA,Webster,49944,10.1
1168,WA,West Baton Rouge,54404,7.4
1169,WA,West Carroll,43241,18.4
1170,WA,West Feliciana,45199,6.1
1171,WA,Winn,47071,11.8
1173,ME,Androscoggin,49766,9.7
1174,ME,Aroostook,49883,10.2
1175,ME,Cumberland,73972,7.2
1176,ME,Franklin,47206,8.4
1177,ME,Hancock,60105,7.2
1178,ME,Kennebec,53658,8.9
1179,ME,Knox,59420,6.5
1180,ME,Lincoln,59613,6.4
1181,ME,Oxford,45332,8.5
1182,ME,Penobscot,50480,10.4
1183,ME,Piscataquis,48987,13.3
1184,ME,Sagadahoc,59843,8.2
1185,ME,Somerset,46860,10.8
1186,ME,Waldo,51757,8.4
1187,WA,York,62355,6.9
1189,MD,Allegany,47347,8
1190,MD,Anne Arundel,76059,5.5
1191,MD,Baltimore,69561,6.6
1192,MD,Calvert,70690,4.8
1193,MD,Caroline,53549,4.5
1194,MD,Carroll,69397,5.4
1195,MD,Cecil,55293,5.3
1196,MD,Charles,63939,6.8
1197,MD,Dorchester,54075,6.8
1198,MD,Frederick,68704,4.8
1199,MD,Garrett,53008,7.5
1200,MD,Harford,66633,6
1201,MD,Howard,86380,5.2
1202,MD,Kent,67648,6.2
1203,MD,Montgomery,92740,1.7
1204,MD,Prince George's,54916,8.5
1205,MD,Queen Anne's,75811,4.4
1206,MD,St. Mary's,65762,5.1
1207,MD,Somerset,37395,5
1208,MD,Talbot,84695,6.1
1209,WA,Wicomico,46893,7.6
1210,WA,Worcester,63811,5.9
1211,WA,Baltimore City,58556,8.1
1213,MA,Barnstable,83191,6.8
1214,MA,Berkshire,65050,8.3
1215,MA,Bristol,64924,11
1216,MA,Dukes,86341,2.2
1217,MA,Essex,78093,7
1218,MA,Franklin,63366,7.2
1219,MA,Hampden,61522,9.2
1220,MA,Hampshire,60717,6.2
1221,MA,Middlesex,98523,5.6
1222,MA,Nantucket,101902,-3.3
1223,MA,Norfolk,104059,4.7
1224,MA,Plymouth,79817,7.8
1225,MA,Suffolk,98644,9
1226,MA,Worcester,65793,8.5
1228,MI,Alcona,49262,11.3
1229,MI,Alger,42171,12.4
1230,MI,Allegan,53375,9.3
1231,MI,Alpena,48428,11.5
1232,MI,Antrim,55759,9
1233,MI,Arenac,47470,12.7
1234,MI,Baraga,41772,14.3
1235,MI,Barry,52951,8.2
1236,MI,Bay,50396,9.7
1237,MI,Benzie,54684,11
1238,MI,Berrien,59656,9.2
1239,MI,Branch,45325,11
1240,MI,Calhoun,47789,10.6
1241,MI,Cass,56042,11.4
1242,MI,Charlevoix,62505,9.8
1243,MI,Cheboygan,48078,12.4
1244,MI,Chippewa,42943,13.1
1245,MI,Clare,40710,12.1
1246,MI,Clinton,54719,7.9
1247,MI,Crawford,44116,13.4
1248,MI,Delta,46524,10.4
1249,MI,Dickinson,55335,9.1
1250,MI,Eaton,50743,9.3
1251,MI,Emmet,66826,8.8
1252,MI,Genesee,49399,10
1253,MI,Gladwin,44068,8.5
1254,MI,Gogebic,48705,10.2
1255,MI,Grand Traverse,60388,9
1256,MI,Gratiot,43249,12.6
1257,MI,Hillsdale,42365,10
1258,MI,Houghton,43809,10.1
1259,MI,Huron,55774,15.3
1260,MI,Ingham,49608,10.6
1261,MI,Ionia,40849,11.6
1262,MI,Iosco,46918,12.3
1263,MI,Iron,49653,7.1
1264,MI,Isabella,45657,11.7
1265,MI,Jackson,47503,11
1266,MI,Kalamazoo,58524,8.1
1267,MI,Kalkaska,43609,13.6
1268,MI,Kent,61852,7.7
1269,MI,Keweenaw,59593,11.1
1270,MI,Lake,38989,13.7
1271,MI,Lapeer,52034,10.4
1272,MI,Leelanau,78457,6.5
1273,MI,Lenawee,46929,9.3
1274,MI,Livingston,65883,5.6
1275,MI,Luce,43526,16.4
1276,MI,Mackinac,53230,12.8
1277,MI,Macomb,54258,9.4
1278,MI,Manistee,46489,9.5
1279,MI,Marquette,47870,11
1280,MI,Mason,48733,10.7
1281,MI,Mecosta,44177,11.5
1282,MI,Menominee,48873,9.2
1283,MI,Midland,62055,6.5
1284,MI,Missaukee,43609,12.9
1285,MI,Monroe,53509,5.8
1286,MI,Montcalm,40592,11.3
1287,MI,Montmorency,43331,12.3
1288,MI,Muskegon,46701,11.4
1289,MI,Newaygo,44597,10.7
1290,MI,Oakland,80962,6.1
1291,MI,Oceana,46015,10.9
1292,MI,Ogemaw,42781,14
1293,MI,Ontonagon,47563,12.2
1294,MI,Osceola,45167,10.7
1295,MI,Oscoda,39929,7.8
1296,MI,Otsego,49320,12.6
1297,MI,Ottawa,56076,7.4
1298,MI,Presque Isle,47138,11.5
1299,MI,Roscommon,44518,12.2
1300,MI,Saginaw,49274,10.2
1301,MI,St. Clair,52805,10.2
1302,MI,St. Joseph,46199,12.1
1303,MI,Sanilac,47144,15.5
1304,MI,Schoolcraft,49103,12.2
1305,MI,Shiawassee,47525,10.4
1306,MI,Tuscola,44908,12.3
1307,MI,Van Buren,48770,9.6
1308,MI,Washtenaw,68688,5.2
1309,MI,Wayne,50610,9.8
1310,MI,Wexford,44697,10.7
1312,MN,Aitkin,49255,11.4
1313,MN,Anoka,59397,6
1314,MN,Becker,56147,7.5
1315,MN,Beltrami,50833,9.4
1316,MN,Benton,53214,8.7
1317,MN,Big Stone,64816,18.3
1318,MN,Blue Earth,51834,8
1319,MN,Brown,60615,8.2
1320,MN,Carlton,49797,7.2
1321,MN,Carver,80562,3.2
1322,MN,Cass,56491,8.2
1323,MN,Chippewa,57395,8.3
1324,MN,Chisago,57574,5.7
1325,MN,Clay,51260,9.5
1326,MN,Clearwater,54687,12.8
1327,MN,Cook,59112,6.1
1328,MN,Cottonwood,58229,21.8
1329,MN,Crow Wing,54260,7.3
1330,MN,Dakota,67927,4.6
1331,MN,Dodge,56410,11.3
1332,MN,Douglas,59909,7.9
1333,MN,Faribault,54496,15.6
1334,MN,Fillmore,51972,11.6
1335,MN,Freeborn,53790,10
1336,MN,Goodhue,60933,5
1337,MN,Grant,57261,18
1338,MN,Hennepin,85505,4.6
1339,MN,Houston,59140,7.2
1340,MN,Hubbard,57111,5.8
1341,MN,Isanti,53189,6.4
1342,MN,Itasca,51563,6.3
1343,MN,Jackson,63311,14.7
1344,MN,Kanabec,51935,11.8
1345,MN,Kandiyohi,58345,7.1
1346,MN,Kittson,67536,35.4
1347,MN,Koochiching,52256,6.6
1348,MN,Lac qui Parle,65109,16.7
1349,MN,Lake,53868,5.1
1350,MN,Lake of the Woods,61309,3.4
1351,MN,Le Sueur,58146,8.5
1352,MN,Lincoln,57110,10.4
1353,MN,Lyon,58433,10.7
1354,MN,McLeod,56689,10.1
1355,MN,Mahnomen,47898,20.3
1356,MN,Marshall,68963,25.3
1357,MN,Martin,61216,8.2
1358,MN,Meeker,53728,10
1359,MN,Mille Lacs,50104,8.7
1360,MN,Morrison,50229,12.4
1361,MN,Mower,55320,9.7
1362,MN,Murray,63623,17.5
1363,MN,Nicollet,56992,6.5
1364,MN,Nobles,54479,18.8
1365,MN,Norman,56502,34
1366,MN,Olmsted,65959,5.9
1367,MN,Otter Tail,55698,9.5
1368,MN,Pennington,65416,10.2
1369,MN,Pine,45538,10.2
1370,MN,Pipestone,61106,8.9
1371,MN,Polk,58682,15.5
1372,MN,Pope,60173,11.6
1373,MN,Ramsey,62594,6.6
1374,MN,Red Lake,65147,15.1
1375,MN,Redwood,63700,14.6
1376,MN,Renville,61406,18.8
1377,MN,Rice,51545,7
1378,MN,Rock,57744,16.1
1379,MN,Roseau,60337,15.1
1380,MN,St. Louis,55303,6.9
1381,MN,Scott,69243,4.3
1382,MN,Sherburne,55341,5.9
1383,MN,Sibley,58242,11.8
1384,MN,Stearns,56711,8.6
1385,MN,Steele,55176,8.5
1386,MN,Stevens,58335,18.1
1387,MN,Swift,58433,15.3
1388,MN,Todd,47069,2.5
1389,MN,Traverse,73574,39.2
1390,MN,Wabasha,58382,11.1
1391,MN,Wadena,46380,10.7
1392,MN,Waseca,50409,13.3
1393,WA,Watonwan,55899,14.5
1394,WA,Wilkin,65570,20.3
1395,WA,Winona,56240,8.3
1396,WA,Wright,58756,5.5
1397,WA,Yellow Medicine,65068,10.7
1399,MS,Adams,42911,8.8
1400,MS,Alcorn,44255,7.3
1401,MS,Amite,39407,6.2
1402,MS,Attala,42044,12.7
1403,MS,Benton,41767,8.7
1404,MS,Bolivar,46512,10.5
1405,MS,Calhoun,43222,12.5
1406,MS,Carroll,44908,9.1
1407,MS,Chickasaw,41179,9.5
1408,MS,Choctaw,40804,10.3
1409,MS,Claiborne,37833,11.2
1410,MS,Clarke,43918,8.5
1411,MS,Clay,46228,9.6
1412,MS,Coahoma,44714,12.1
1413,MS,Copiah,39166,7.8
1414,MS,Covington,45169,1.5
1415,MS,DeSoto,50982,6.9
1416,MS,Forrest,42853,8.7
1417,MS,Franklin,40443,7.7
1418,MS,George,39807,12.1
1419,MS,Greene,33133,7.9
1420,MS,Grenada,41935,8.7
1421,MS,Hancock,44776,9.7
1422,MS,Harrison,44551,9.2
1423,MS,Hinds,47413,9.6
1424,MS,Holmes,36339,13.1
1425,MS,Humphreys,43981,15.5
1426,MS,Issaquena,34832,29.1
1427,MS,Itawamba,41579,9
1428,MS,Jackson,44945,8.4
1429,MS,Jasper,46041,0.7
1430,MS,Jefferson,40349,9.5
1431,MS,Jefferson Davis,36241,8.4
1432,MS,Jones,44494,4.9
1433,MS,Kemper,38314,12.9
1434,MS,Lafayette,47824,5.2
1435,MS,Lamar,47129,6.6
1436,MS,Lauderdale,46219,8.8
1437,MS,Lawrence,42275,4.5
1438,MS,Leake,39087,1.1
1439,MS,Lee,51703,8.4
1440,MS,Leflore,48265,12.7
1441,MS,Lincoln,44688,6.4
1442,MS,Lowndes,47137,8.5
1443,MS,Madison,73485,6.8
1444,MS,Marion,43035,3.6
1445,MS,Marshall,43724,9.6
1446,MS,Monroe,44332,9
1447,MS,Montgomery,41252,10.4
1448,MS,Neshoba,43915,4
1449,MS,Newton,41367,3.6
1450,MS,Noxubee,44360,8.6
1451,MS,Oktibbeha,38463,6.7
1452,MS,Panola,42074,12.4
1453,MS,Pearl River,43214,6.4
1454,MS,Perry,40243,9.3
1455,MS,Pike,37461,9.3
1456,MS,Pontotoc,41866,10
1457,MS,Prentiss,37701,8.9
1458,MS,Quitman,41682,15.9
1459,MS,Rankin,51235,6.8
1460,MS,Scott,37792,3.8
1461,MS,Sharkey,50467,19.4
1462,MS,Simpson,44174,4.2
1463,MS,Smith,46337,1.6
1464,MS,Stone,39547,7.5
1465,MS,Sunflower,37950,14.4
1466,MS,Tallahatchie,41558,14.2
1467,MS,Tate,44749,8
1468,MS,Tippah,44301,10.1
1469,MS,Tishomingo,41457,8.3
1470,MS,Tunica,41904,17.8
1471,MS,Union,41155,9.3
1472,MS,Walthall,39169,6.3
1473,MS,Warren,48214,9
1474,WA,Wayne,43439,3
1475,WA,Webster,44543,7.4
1476,WA,Wilkinson,36890,13.7
1477,WA,Winston,43238,6.7
1478,WA,Yalobusha,41761,8
1479,WA,Yazoo,36515,19.9
1481,MO,Adair,37898,8.1
1482,MO,Andrew,50693,6.6
1483,MO,Atchison,54179,10.8
1484,MO,Audrain,44319,9.9
1485,MO,Barry,41248,6
1486,MO,Barton,42329,15.8
1487,MO,Bates,46821,9.5
1488,MO,Benton,43097,4.5
1489,MO,Bollinger,44552,10
1490,MO,Boone,54522,5
1491,MO,Buchanan,46362,6.9
1492,MO,Butler,43194,12.4
1493,MO,Caldwell,45802,7.5
1494,MO,Callaway,46191,8.9
1495,MO,Camden,53779,8.6
1496,MO,Cape Girardeau,48732,5.9
1497,MO,Carroll,54784,8.6
1498,MO,Carter,45237,9.8
1499,MO,Cass,54020,5.2
1500,MO,Cedar,36748,10
1501,MO,Chariton,51590,10.3
1502,MO,Christian,48509,5.8
1503,MO,Clark,43325,10.7
1504,MO,Clay,56118,6.3
1505,MO,Clinton,48730,7.6
1506,MO,Cole,54941,8
1507,MO,Cooper,47383,11.2
1508,MO,Crawford,43192,7.7
1509,MO,Dade,42127,9.9
1510,MO,Dallas,38983,5.9
1511,MO,Daviess,37739,10.1
1512,MO,DeKalb,38366,5.7
1513,MO,Dent,41420,9.4
1514,MO,Douglas,37992,10.4
1515,MO,Dunklin,43809,8.3
1516,MO,Franklin,51952,5.9
1517,MO,Gasconade,45866,7.3
1518,MO,Gentry,50953,8.5
1519,MO,Greene,51220,4.9
1520,MO,Grundy,40504,10.2
1521,MO,Harrison,43767,12
1522,MO,Henry,48924,9
1523,MO,Hickory,38100,10.1
1524,MO,Holt,58888,12.4
1525,MO,Howard,46854,8
1526,MO,Howell,40358,7.6
1527,MO,Iron,41182,9.4
1528,MO,Jackson,53112,7
1529,MO,Jasper,43859,3.6
1530,MO,Jefferson,49392,5.6
1531,MO,Johnson,46526,6.8
1532,MO,Knox,42987,11.3
1533,MO,Laclede,41266,7.4
1534,MO,Lafayette,49491,7.6
1535,MO,Lawrence,39889,7.1
1536,MO,Lewis,41823,8.2
1537,MO,Lincoln,47686,6.1
1538,MO,Linn,45966,9.1
1539,MO,Livingston,46069,12
1540,MO,McDonald,35275,9.1
1541,MO,Macon,47691,9
1542,MO,Madison,41068,9.3
1543,MO,Maries,41212,8.4
1544,MO,Marion,47304,8
1545,MO,Mercer,37104,10.8
1546,MO,Miller,43510,9.4
1547,MS,Moniteau,46530,13.1
1548,MS,Monroe,47215,5.7
1549,MS,Montgomery,49923,11.5
1550,MS,Morgan,47637,7.6
1551,MS,New Madrid,49093,15.7
1552,MS,Newton,45190,6.9
1553,MS,Nodaway,39258,12
1554,OR,Osage,52701,8.6
1555,OR,Ozark,38401,10.1
1556,OR,Pemiscot,46840,12.3
1557,OR,Perry,48474,7
1558,OR,Pettis,43693,8.3
1559,OR,Phelps,44205,7
1560,OR,Pike,42546,9.2
1561,OR,Platte,63771,3.6
1562,OR,Polk,41119,5.9
1563,OR,Pulaski,44759,6.5
1564,OR,Putnam,41629,9.3
1565,OR,Ralls,47714,10.4
1566,OR,Randolph,46164,12.5
1567,OR,Ray,48843,6.7
1568,OR,Reynolds,43066,10.7
1569,OR,Ripley,45666,12.2
1570,OR,St. Charles,61752,4.4
1571,OR,St. Clair,36671,10.1
1572,OR,Ste. Genevieve,46578,7.4
1573,OR,St. Francois,40227,7.8
1574,OR,St. Louis,81829,5.2
1575,OR,Saline,44067,11.6
1576,OR,Schuyler,38544,12.7
1577,OR,Scotland,45092,17.1
1578,OR,Scott,47750,8.5
1579,OR,Shannon,41200,11.4
1580,OR,Shelby,48578,11.6
1581,OR,Stoddard,45554,8.4
1582,OR,Stone,46852,7
1583,OR,Sullivan,44139,13.7
1584,OR,Taney,42600,6.2
1585,TX,Vernon,42332,11.8
1586,TX,Warren,50001,5.2
1587,WA,Wayne,42678,11.5
1588,WA,Webster,39976,7.5
1589,WA,Worth,41952,8.4
1590,WA,Wright,38544,9.7
1591,WA,St. Louis City,55984,6.7
1593,MT,Beaverhead,54430,8.5
1594,MT,Big Horn,36517,13.4
1595,MT,Blaine,34095,11.8
1596,MT,Broadwater,47541,7.1
1597,MT,Carbon,59715,5.4
1598,MT,Carter,39354,16.2
1599,MT,Cascade,53765,6.9
1600,MT,Chouteau,39287,14.7
1601,MT,Custer,50535,7.8
1602,MT,Daniels,57661,21.4
1603,MT,Dawson,47459,6
1604,MT,Deer Lodge,46384,10.6
1605,MT,Fallon,49165,6
1606,MT,Fergus,46685,3.9
1607,MT,Flathead,58964,8.4
1608,MT,Gallatin,70276,8.3
1609,MT,Garfield,37365,19.4
1610,MT,Glacier,41159,11.4
1611,MT,Golden Valley,53046,6.8
1612,MT,Granite,51995,7.4
1613,MT,Hill,51060,8.4
1614,MT,Jefferson,56632,6
1615,MT,Judith Basin,48352,8.1
1616,MT,Lake,46387,10
1617,MT,Lewis and Clark,56791,7.6
1618,MT,Liberty,57219,8.8
1619,MT,Lincoln,43782,10.1
1620,MT,McCone,46848,11.2
1621,MT,Madison,74468,5
1622,MT,Meagher,46835,5.5
1623,MT,Mineral,45966,10.2
1624,MT,Missoula,61881,7.2
1625,MT,Musselshell,49553,7.6
1626,MT,Park,59558,7.5
1627,MT,Petroleum,31503,6.8
1628,MT,Phillips,44926,11.4
1629,MT,Pondera,52704,13.2
1630,MT,Powder River,39838,18.9
1631,MT,Powell,50932,7.6
1632,MT,Prairie,49204,14.8
1633,MT,Ravalli,56321,6.5
1634,MT,Richland,61645,-0.1
1635,MT,Roosevelt,43207,10.8
1636,MT,Rosebud,53461,9.4
1637,MT,Sanders,42153,11.2
1638,MT,Sheridan,55476,13.8
1639,MT,Silver Bow,54704,5.6
1640,MT,Stillwater,64917,5.2
1641,MT,Sweet Grass,57852,8
1642,MT,Teton,50240,9.4
1643,MT,Toole,49135,9.7
1644,MT,Treasure,49706,9.1
1645,MT,Valley,56541,9
1646,MT,Wheatland,44640,6.9
1647,MT,Wibaux,48904,9.9
1648,MT,Yellowstone,59415,5.8
1650,NE,Adams,58072,6.7
1651,NE,Antelope,74129,23.7
1652,NE,Arthur,58171,9.2
1653,NE,Banner,68909,4
1654,NE,Blaine,62594,13.1
1655,NE,Boone,74085,17.6
1656,NE,Box Butte,55642,4.3
1657,NE,Boyd,74685,12.7
1658,NE,Brown,63598,10.7
1659,NE,Buffalo,61763,5
1660,NE,Burt,56557,9.6
1661,NE,Butler,59717,12.9
1662,NE,Cass,60920,6.4
1663,NE,Cedar,66572,14.8
1664,NE,Chase,69366,13.5
1665,NE,Cherry,55302,15
1666,NE,Cheyenne,52730,5.6
1667,NE,Clay,63915,11.8
1668,NE,Colfax,54392,14.7
1669,NE,Cuming,71979,11.6
1670,NE,Custer,58544,14.5
1671,NE,Dakota,48756,5.8
1672,NE,Dawes,47375,12.5
1673,NE,Dawson,49653,7.8
1674,NE,Deuel,46093,6.2
1675,NE,Dixon,54144,12.3
1676,NE,Dodge,56298,8.5
1677,NE,Douglas,68699,2.5
1678,NE,Dundy,93788,19.5
1679,NE,Fillmore,68697,9.8
1680,NE,Franklin,68092,17.9
1681,NE,Frontier,55020,20.5
1682,NE,Furnas,59961,16.7
1683,NE,Gage,57838,7.8
1684,NE,Garden,57475,8.9
1685,NE,Garfield,54771,17.6
1686,NE,Gosper,67627,15.5
1687,NE,Grant,59952,10.4
1688,NE,Greeley,66840,15.7
1689,NE,Hall,51566,8.1
1690,NE,Hamilton,65739,12.1
1691,NE,Harlan,66306,10.7
1692,NE,Hayes,90144,16.3
1693,NE,Hitchcock,59923,16.8
1694,NE,Holt,66231,14.2
1695,NE,Hooker,49027,2.9
1696,NE,Howard,55957,11
1697,NE,Jefferson,56274,9.1
1698,NE,Johnson,42104,12
1699,NE,Kearney,72421,11.7
1700,NE,Keith,52394,7.6
1701,NE,Keya Paha,62968,22
1702,NE,Kimball,55021,12.6
1703,NE,Knox,57577,14.6
1704,NE,Lancaster,56782,5.5
1705,NE,Lincoln,58484,7.7
1706,NE,Logan,60186,10
1707,NE,Loup,69695,11.9
1708,NE,McPherson,63343,31.3
1709,NE,Madison,60169,7.8
1710,NE,Merrick,56823,7.6
1711,NE,Morrill,65524,10.5
1712,NE,Nance,55096,16.3
1713,NE,Nemaha,56823,6.4
1714,NE,Nuckolls,68062,13
1715,NE,Otoe,63569,5.7
1716,NE,Pawnee,58774,18.1
1717,NE,Perkins,87847,15.7
1718,NE,Phelps,63430,11.4
1719,NE,Pierce,68647,9.4
1720,NE,Platte,56149,8.5
1721,NE,Polk,65364,7.7
1722,NE,Red Willow,53974,10.7
1723,NE,Richardson,60001,10.3
1724,NE,Rock,80527,18.1
1725,NE,Saline,51623,9.3
1726,NE,Sarpy,58084,5.2
1727,NE,Saunders,61840,6.8
1728,NE,Scotts Bluff,51337,7.8
1729,NE,Seward,58829,8.9
1730,NE,Sheridan,60271,11.3
1731,NE,Sherman,60225,14
1732,NE,Sioux,74215,8.7
1733,NE,Stanton,61286,16.4
1734,NE,Thayer,63828,13.4
1735,NE,Thomas,61324,3.8
1736,NE,Thurston,57406,19.8
1737,NE,Valley,63254,16.1
1738,WA,Wayne,51852,10.5
1739,WA,Webster,57191,7.2
1740,WA,Wheeler,83722,-0.5
1741,WA,York,58148,11.4
1743,NV,Churchill,54726,8.6
1744,NV,Clark,58276,5
1745,NV,Douglas,87214,4.9
1746,NV,Elko,52754,6.3
1747,NV,Esmeralda,55007,-7.5
1748,NV,Eureka,49606,0.6
1749,NV,Humboldt,53564,5.9
1750,NV,Lander,72511,3.3
1751,NV,Lincoln,53269,8.5
1752,NV,Lyon,48247,9.3
1753,NV,Mineral,48836,14.6
1754,NV,Nye,42796,5.1
1755,NV,Pershing,39688,12.8
1756,NV,Storey,77775,15
1757,NV,Washoe,71436,5.7
1758,NV,White Pine,56241,10.5
1759,NV,Carson City,60445,8.4
1761,NH,Belknap,71958,5.7
1762,NH,Carroll,69803,5.6
1763,NH,Cheshire,64870,9.1
1764,NH,Coos,52132,9.5
1765,NH,Grafton,74813,6.5
1766,NH,Hillsborough,71849,6.1
1767,NH,Merrimack,68222,6.7
1768,NH,Rockingham,88303,4
1769,NH,Strafford,61139,6.7
1770,NH,Sullivan,63225,7.2
1772,NJ,Atlantic,58310,10.1
1773,NJ,Bergen,97343,3.2
1774,NJ,Burlington,69496,5.7
1775,NJ,Camden,61642,6.8
1776,NJ,Cape May,72010,7.9
1777,NJ,Cumberland,47559,9.6
1778,NJ,Essex,74310,6.6
1779,NJ,Gloucester,62553,5.8
1780,NJ,Hudson,72046,1.3
1781,NJ,Hunterdon,100288,2.9
1782,NJ,Mercer,77911,4.8
1783,NJ,Middlesex,70221,5.7
1784,NJ,Monmouth,92119,4.3
1785,NJ,Morris,107767,2.9
1786,NJ,Ocean,60823,6.6
1787,NJ,Passaic,59559,8.1
1788,NJ,Salem,57547,8.3
1789,NJ,Somerset,113975,-1.3
1790,NJ,Sussex,71059,5
1791,NJ,Union,77007,3.5
1792,NJ,Warren,63041,5.2
1794,NM,Bernalillo,53616,8
1795,NM,Catron,37990,10.9
1796,NM,Chaves,45577,7.1
1797,NM,Cibola,34627,13
1798,NM,Colfax,47563,11
1799,NM,Curry,52015,9.8
1800,NM,De Baca,56384,13.1
1801,NM,Do√±a Ana,45045,9.1
1802,NM,Eddy,62888,0.5
1803,NM,Grant,48537,6.7
1804,NM,Guadalupe,43255,9.4
1805,NM,Harding,49695,15.8
1806,NM,Hidalgo,51465,10.3
1807,NM,Lea,48578,-6
1808,NM,Lincoln,47703,8.5
1809,NM,Los Alamos,81306,5
1810,NM,Luna,38494,13.5
1811,NM,McKinley,34939,13.3
1812,NM,Mora,51939,11.6
1813,NM,Otero,41657,10.2
1814,NM,Quay,44798,8.8
1815,NM,Rio Arriba,42467,11.8
1816,NM,Roosevelt,45456,8.7
1817,NM,Sandoval,51807,7.3
1818,NM,San Juan,41735,6.1
1819,NM,San Miguel,44889,12.4
1820,NM,Santa Fe,69528,5.1
1821,NM,Sierra,49778,15.3
1822,NM,Socorro,42389,9.9
1823,NM,Taos,44709,11.2
1824,NM,Torrance,41423,11.5
1825,NM,Union,41350,12.3
1826,NM,Valencia,43485,10.5
1828,NY,Albany,70947,7.4
1829,NY,Allegany,42569,10.2
1830,NY,Bronx,46834,14.4
1831,NY,Broome,50657,9.1
1832,NY,Cattaraugus,46775,9.6
1833,NY,Cayuga,51431,8.9
1834,NY,Chautauqua,47642,9.1
1835,NY,Chemung,52360,8.2
1836,NY,Chenango,50568,10
1837,NY,Clinton,50625,7.6
1838,NY,Columbia,65426,6.8
1839,NY,Cortland,48617,10.4
1840,DE,Dutchess,67256,6.3
1841,DE,Erie,57625,8.8
1842,DE,Essex,54109,7.6
1843,DE,Franklin,48658,8.9
1844,DE,Fulton,51558,9.9
1845,DE,Genesee,50662,8.8
1846,DE,Greene,55805,8.6
1847,DE,Hamilton,54556,7.5
1848,DE,Herkimer,51946,9.4
1849,DE,Jefferson,53130,9.7
1850,DE,Kings,61851,9.1
1851,DE,Lewis,54629,9
1852,DE,Livingston,52209,5.9
1853,DE,Madison,54766,7.6
1854,DE,Monroe,60046,7.9
1855,DE,Montgomery,48821,9.4
1856,DE,Nassau,99597,4.5
1857,NY,Niagara,53137,10
1858,NY,Oneida,53172,8.2
1859,NY,Onondaga,60992,9
1860,NY,Ontario,62051,7.1
1861,NY,Orange,58883,6.8
1862,NY,Orleans,46322,11.1
1863,NY,Oswego,48574,10
1864,NY,Otsego,53431,8.4
1865,NY,Putnam,78754,5.4
1866,NY,Queens,58646,10.6
1867,NY,Rensselaer,58126,9.2
1868,NY,Richmond,65113,6.9
1869,NY,Rockland,69173,6.5
1870,NY,St. Lawrence,45626,9.3
1871,NY,Saratoga,75651,6.2
1872,NY,Schenectady,62484,8.4
1873,NY,Schoharie,52027,8.5
1874,NY,Schuyler,49811,9.5
1875,NY,Seneca,47269,10.1
1876,NY,Steuben,54238,7.5
1877,NY,Suffolk,81309,6.1
1878,NY,Sullivan,53874,8
1879,NY,Tioga,53919,8.8
1880,NY,Tompkins,51377,7.3
1881,NY,Ulster,60557,6.8
1882,NY,Warren,62392,9.9
1883,WA,Wayne,53499,7.9
1884,WA,Westchester,119705,4
1885,WY,Yates,48934,9
1887,NC,Alamance,48118,7
1888,NC,Alexander,46513,7.2
1889,NC,Alleghany,45206,6.5
1890,NC,Anson,47744,3.5
1891,NC,Ashe,44203,8.5
1892,NC,Avery,43022,7.8
1893,NC,Beaufort,54165,7.1
1894,NC,Bertie,48377,7.1
1895,NC,Bladen,47567,10.8
1896,NC,Brunswick,55361,5.4
1897,NC,Buncombe,57895,5.6
1898,NC,Burke,44798,8.7
1899,NC,Cabarrus,53647,6.8
1900,NC,Caldwell,43856,7.9
1901,NC,Camden,55457,5.5
1902,NC,Carteret,60741,7
1903,NC,Caswell,42247,8
1904,NC,Catawba,53333,6.8
1905,NC,Chatham,75624,4.5
1906,NC,Cherokee,40485,8
1907,NC,Chowan,50460,7.2
1908,NC,Clay,43300,7.9
1909,NC,Cleveland,45544,7.9
1910,NC,Columbus,44729,11.4
1911,NC,Craven,54135,8.3
1912,NC,Cumberland,46992,8.6
1913,NC,Currituck,57320,5.9
1914,NC,Dare,68887,7.6
1915,NC,Davidson,48086,7.4
1916,NC,Davie,57591,5.1
1917,NC,Duplin,51968,7.6
1918,NC,Durham,60330,5.8
1919,NC,Edgecombe,45069,8.8
1920,NC,Forsyth,56378,5.7
1921,NC,Franklin,44996,7.4
1922,NC,Gaston,48508,7.7
1923,NC,Gates,50100,6.8
1924,NC,Graham,43178,6.8
1925,NC,Granville,46504,7.5
1926,NC,Greene,39564,7.7
1927,NC,Guilford,54651,6.5
1928,NC,Halifax,44948,7.1
1929,NC,Harnett,43484,7.7
1930,NC,Haywood,49639,6.9
1931,NC,Henderson,52634,4.3
1932,NC,Hertford,41973,10.9
1933,NC,Hoke,41652,8.6
1934,NC,Hyde,49175,8
1935,NC,Iredell,60791,6.4
1936,NC,Jackson,43362,8.7
1937,NC,Johnston,48950,7.1
1938,NC,Jones,50245,3.5
1939,NC,Lee,49136,6.3
1940,NC,Lenoir,50363,9.2
1941,NC,Lincoln,55368,6.7
1942,NC,McDowell,42960,8.3
1943,NC,Macon,48875,7.4
1944,NC,Madison,43064,6.9
1945,NC,Martin,43176,7.6
1946,NC,Mecklenburg,71836,4.8
1947,NC,Mitchell,43973,7.4
1948,NC,Montgomery,46916,8.5
1949,NC,Moore,60775,5.6
1950,NC,Nash,50714,6.4
1951,NC,New Hanover,57693,6.7
1952,NC,Northampton,46742,6.4
1953,NC,Onslow,50869,6
1954,NC,Orange,74994,3.9
1955,NC,Pamlico,53355,7
1956,NC,Pasquotank,47034,8.1
1957,NC,Pender,48665,5.8
1958,NC,Perquimans,51577,7.2
1959,NC,Person,46879,7.7
1960,NC,Pitt,53200,7.4
1961,NC,Polk,59482,6.2
1962,NC,Randolph,45777,6.8
1963,NC,Richmond,44562,9.4
1964,NC,Robeson,41780,9.6
1965,NC,Rockingham,45049,7.3
1966,NC,Rowan,46763,8.6
1967,NC,Rutherford,42376,8.8
1968,NC,Sampson,45841,7
1969,NC,Scotland,42171,7.9
1970,NC,Stanly,46827,7.2
1971,NC,Stokes,46159,6.6
1972,NC,Surry,46963,7
1973,NC,Swain,49421,9.3
1974,NC,Transylvania,52252,5.1
1975,NC,Tyrrell,47379,10.8
1976,NC,Union,63777,5.5
1977,NC,Vance,44399,9
1978,NC,Wake,71205,5.8
1979,NC,Warren,38740,12.1
1980,WA,Watauga,46766,6.7
1981,WA,Wayne,49881,7.7
1982,WA,Wilkes,46169,7.1
1983,WA,Wilson,48642,6.6
1984,WA,Yadkin,46172,6.1
1985,WA,Yancey,41892,6.6
1987,ND,Adams,57586,16.7
1988,ND,Barnes,66463,13.3
1989,ND,Benson,55282,24.7
1990,ND,Billings,92571,4.5
1991,ND,Bottineau,69935,13.3
1992,ND,Bowman,77069,1.7
1993,ND,Burke,72515,1.9
1994,ND,Burleigh,66017,3.8
1995,ND,Cass,65803,6
1996,ND,Cavalier,88700,42.4
1997,ND,Dickey,73312,11
1998,ND,Divide,66208,11
1999,ND,Dunn,80976,-1
2000,ND,Eddy,72571,21.4
2001,ND,Emmons,72883,31.6
2002,ND,Foster,75732,25.7
2003,ND,Golden Valley,52279,13.2
2004,ND,Grand Forks,58132,7.7
2005,ND,Grant,57313,26.7
2006,ND,Griggs,73012,23.4
2007,ND,Hettinger,58160,21.7
2008,ND,Kidder,74589,24.1
2009,ND,LaMoure,72712,18
2010,ND,Logan,68365,19.2
2011,ND,McHenry,72140,14.2
2012,ND,McIntosh,80675,19
2013,ND,McKenzie,72258,-6.1
2014,ND,McLean,76889,8.3
2015,ND,Mercer,65113,4
2016,ND,Morton,58630,5.8
2017,ND,Mountrail,72419,0.1
2018,ND,Nelson,70971,21.9
2019,ND,Oliver,63441,14.5
2020,ND,Pembina,75974,21.8
2021,ND,Pierce,66733,16.8
2022,ND,Ramsey,59490,14.2
2023,ND,Ransom,64827,9.6
2024,ND,Renville,78282,13.6
2025,ND,Richland,59919,6.3
2026,ND,Rolette,52939,17.6
2027,ND,Sargent,74799,9.4
2028,ND,Sheridan,78328,27.5
2029,ND,Sioux,36445,20.3
2030,ND,Slope,80270,27.1
2031,ND,Stark,62553,-2.9
2032,ND,Steele,86280,35.2
2033,ND,Stutsman,61388,13.7
2034,ND,Towner,80665,47.2
2035,ND,Traill,65364,17.7
2036,ND,Walsh,65961,21.1
2037,ND,Ward,59893,3.3
2038,ND,Wells,82108,31.1
2039,ND,Williams,63689,-7.8
2041,OH,Adams,43092,12
2042,OH,Allen,50353,8.5
2043,OH,Ashland,45594,8.7
2044,OH,Ashtabula,46280,9
2045,OH,Athens,40663,7.2
2046,OH,Auglaize,54964,7.4
2047,OH,Belmont,45375,1.6
2048,OH,Brown,45795,8.9
2049,OH,Butler,55636,5.7
2050,OH,Carroll,48319,9.6
2051,OH,Champaign,50151,10.8
2052,OH,Clark,47929,9.3
2053,OH,Clermont,64895,6.1
2054,OH,Clinton,52090,5.5
2055,OH,Columbiana,45580,9
2056,OH,Coshocton,42403,10.2
2057,OH,Crawford,45755,11.2
2058,OH,Cuyahoga,62790,6.5
2059,OH,Darke,51549,9.7
2060,OH,Defiance,47933,8.4
2061,DE,Erie,58239,-1.9
2062,DE,Fairfield,55185,7.5
2063,DE,Fayette,47851,14.7
2064,DE,Franklin,58689,7.8
2065,DE,Fulton,52995,8
2066,DE,Gallia,47674,8.2
2067,DE,Geauga,78294,3.4
2068,DE,Greene,58363,6
2069,DE,Guernsey,48667,9.2
2070,DE,Hamilton,67845,5.5
2071,DE,Hancock,58966,9.3
2072,DE,Hardin,40636,10.5
2073,DE,Harrison,45968,6.5
2074,DE,Henry,52568,9.8
2075,DE,Highland,44454,10.3
2076,DE,Hocking,46421,9.1
2077,DE,Holmes,54118,6.6
2078,DE,Huron,48213,9.7
2079,DE,Jackson,42680,11
2080,DE,Jefferson,47413,8.9
2081,DE,Knox,52034,7.8
2082,DE,Lake,58960,6.1
2083,DE,Lawrence,46838,8.1
2084,DE,Licking,54525,8.1
2085,DE,Logan,50151,10.1
2086,DE,Lorain,54452,6.5
2087,DE,Lucas,54105,7
2088,DE,Madison,50124,10.7
2089,DE,Mahoning,50968,8.3
2090,DE,Marion,43814,9.2
2091,DE,Medina,64371,4.7
2092,DE,Meigs,43469,10.7
2093,DE,Mercer,59089,7.8
2094,DE,Miami,54947,7.5
2095,DE,Monroe,43844,11.9
2096,DE,Montgomery,54822,8.1
2097,DE,Morgan,43249,12.6
2098,DE,Morrow,49162,10.3
2099,DE,Muskingum,49160,9.4
2100,DE,Noble,32713,9.4
2101,DE,Ottawa,61102,6.7
2102,DE,Paulding,48972,10.7
2103,DE,Perry,46028,9.2
2104,DE,Pickaway,49425,10.1
2105,DE,Pike,46730,9.8
2106,DE,Portage,51995,6.8
2107,DE,Preble,48600,9.7
2108,DE,Putnam,57868,8.1
2109,DE,Richland,46366,9.2
2110,DE,Ross,45596,9.6
2111,DE,Sandusky,48982,8.8
2112,DE,Scioto,46946,5.8
2113,DE,Seneca,47605,11.5
2114,DE,Shelby,52547,7.8
2115,DE,Stark,52426,7.2
2116,DE,Summit,60771,6.5
2117,DE,Trumbull,46356,8.3
2118,DE,Tuscarawas,50625,6.6
2119,DE,Union,64967,5.9
2120,DE,Van Wert,49328,9.6
2121,DE,Vinton,42290,11.9
2122,DE,Warren,69581,5
2123,WA,Wayne,52817,7.1
2124,WA,Williams,49310,8.1
2125,WA,Wood,53892,5.7
2126,WA,Wyandot,54342,9.8
2128,OK,Adair,41496,9.6
2129,OK,Alfalfa,43695,4.2
2130,OK,Atoka,36195,6
2131,OK,Beaver,65668,2.3
2132,OK,Beckham,40147,2
2133,OK,Blaine,53081,-3.1
2134,OK,Bryan,43871,6.7
2135,OK,Caddo,45452,5.5
2136,OK,Canadian,50309,3.1
2137,OK,Carter,48733,4.2
2138,OK,Cherokee,40638,6.1
2139,OK,Choctaw,40395,10.5
2140,OK,Cimarron,68769,0.6
2141,OK,Cleveland,49946,4.4
2142,OK,Coal,44170,1.2
2143,OK,Comanche,47650,6.7
2144,OK,Cotton,51300,8.9
2145,OK,Craig,43958,3.5
2146,OK,Creek,47927,6
2147,OK,Custer,46226,3.8
2148,DE,Dewey,53807,-4.3
2149,DE,Ellis,57564,-2.1
2150,DE,Garfield,48861,2.6
2151,DE,Garvin,48690,7.3
2152,DE,Grady,47840,5
2153,DE,Grant,60177,11
2154,DE,Greer,35502,7.5
2155,DE,Harmon,51088,10.2
2156,DE,Harper,54555,-3.8
2157,DE,Haskell,42506,4.7
2158,DE,Hughes,46703,-0.5
2159,DE,Jackson,49372,7
2160,DE,Jefferson,41152,8.6
2161,DE,Johnston,43246,9.3
2162,DE,Kay,47817,7.8
2163,DE,Kingfisher,67299,3.4
2164,DE,Kiowa,45875,10.5
2165,DE,Latimer,40932,3.7
2166,DE,Le Flore,40214,5.2
2167,DE,Lincoln,44687,7.4
2168,DE,Logan,48559,3.2
2169,DE,Love,43592,4.9
2170,DE,McClain,53330,2.5
2171,DE,McCurtain,42574,7.4
2172,DE,McIntosh,42241,7.4
2173,DE,Major,47185,1.5
2174,DE,Marshall,43325,8.6
2175,DE,Mayes,44615,8.1
2176,DE,Murray,48831,3.3
2177,DE,Muskogee,43699,6.7
2178,DE,Noble,51172,5.5
2179,DE,Nowata,46337,7
2180,DE,Okfuskee,37839,6.3
2181,OK,Okmulgee,41808,6.8
2182,OK,Osage,42015,6.4
2183,OK,Ottawa,45484,8
2184,OK,Pawnee,43859,5.7
2185,OK,Payne,43952,6.5
2186,OK,Pittsburg,42102,2
2187,OK,Pontotoc,51619,6.5
2188,OK,Pottawatomie,46730,6.1
2189,OK,Pushmataha,39442,9.5
2190,OK,Roger Mills,50590,6.9
2191,OK,Rogers,52142,4.2
2192,OK,Seminole,41119,6.6
2193,OK,Sequoyah,42780,8.7
2194,OK,Stephens,48328,3.8
2195,TX,Tillman,40610,-2.2
2196,TX,Tulsa,66535,-1
2197,TX,Wagoner,47142,4.7
2198,WA,Washita,40961,3.6
2199,WA,Woods,50198,3.1
2200,WA,Woodward,41180,5
2202,OR,Baker,48107,9.1
2203,OR,Benton,54174,7.1
2204,OR,Clackamas,71504,6.8
2205,OR,Clatsop,52250,8.4
2206,OR,Columbia,53573,7.7
2207,OR,Coos,55759,10.3
2208,OR,Crook,50708,7.8
2209,OR,Curry,53044,8.7
2210,OR,Deschutes,67743,8.9
2211,OR,Douglas,50595,10.5
2212,OR,Gilliam,63645,15.7
2213,OR,Grant,50870,11.1
2214,OR,Harney,49257,10.9
2215,OR,Hood River,65127,8.3
2216,OR,Jackson,56842,9.7
2217,OR,Jefferson,43145,10.7
2218,OR,Josephine,54466,11.4
2219,OR,Klamath,48050,9.7
2220,OR,Lake,47066,8.3
2221,OR,Lane,55146,9.7
2222,OR,Lincoln,52482,7.3
2223,OR,Linn,52695,8.7
2224,OR,Malheur,38923,8.7
2225,OR,Marion,53791,9.1
2226,OR,Morrow,51670,6.1
2227,OR,Multnomah,70331,8.1
2228,OR,Polk,49781,6.6
2229,OR,Sherman,67558,13.5
2230,OR,Tillamook,51643,7.9
2231,OR,Umatilla,48439,10.5
2232,OR,Union,50053,9.4
2233,OR,Wallowa,52999,9.4
2234,OR,Wasco,52527,10.9
2235,WA,Wheeler,42637,9.4
2236,WA,Yamhill,55802,8.8
2238,PA,Adams,55752,6.9
2239,PA,Allegheny,70580,5.1
2240,PA,Armstrong,54198,9.9
2241,PA,Beaver,56452,9.1
2242,PA,Bedford,49916,7.1
2243,PA,Berks,57970,8.7
2244,PA,Blair,54470,8.4
2245,PA,Bradford,49063,5.9
2246,PA,Bucks,83011,5.6
2247,PA,Butler,67203,6
2248,PA,Cambria,49472,8.1
2249,PA,Cameron,54352,11.3
2250,PA,Carbon,59317,6.5
2251,PA,Centre,54994,7.1
2252,PA,Chester,95483,4.2
2253,PA,Clarion,49611,9
2254,PA,Clearfield,52478,9.9
2255,PA,Clinton,49312,8.7
2256,PA,Columbia,50176,9
2257,PA,Crawford,48431,9.2
2258,PA,Cumberland,63650,8.2
2259,PA,Dauphin,58741,6.6
2260,DE,Elk,51653,9.3
2261,DE,Erie,52747,8.9
2262,DE,Fayette,51007,9.9
2263,DE,Forest,29573,13.6
2264,DE,Franklin,55139,7.6
2265,DE,Fulton,49929,6.5
2266,DE,Greene,50266,7.2
2267,DE,Huntingdon,46331,10.6
2268,IN,Jefferson,50240,8.3
2269,IN,Juniata,56422,10.6
2270,IN,Lackawanna,54380,8.4
2271,IN,Lancaster,61547,7.7
2272,IN,Lawrence,51611,9.6
2273,IN,Lebanon,55803,7.1
2274,IN,Lehigh,62537,6.3
2275,IN,Luzerne,52300,9.3
2276,IN,Lycoming,50464,8.3
2277,IN,McKean,51169,6.9
2278,IN,Mercer,49311,8.7
2279,IN,Mifflin,46768,9.8
2280,IN,Monroe,53118,9.5
2281,IN,Montgomery,88671,6.4
2282,IN,Montour,64548,6.2
2283,IN,Northampton,63256,5.2
2284,IN,Northumberland,49525,9.5
2285,IN,Perry,53700,7.3
2286,IN,Philadelphia,60869,5
2287,IN,Pike,56008,4.5
2288,IN,Potter,51432,5.8
2289,IN,Schuylkill,49451,9
2290,IN,Snyder,50846,9.1
2291,IN,Somerset,48135,8.7
2292,IN,Sullivan,55564,6.3
2293,IN,Susquehanna,55354,4.5
2294,IN,Tioga,47572,7.2
2295,IN,Union,50630,7.5
2296,IN,Venango,50691,8.4
2297,IN,Warren,49356,7.6
2298,WA,Wayne,52351,7.9
2299,WA,Westmoreland,59874,7.9
2300,WY,York,57870,6.8
2302,RI,Bristol,87810,4.6
2303,RI,Kent,67906,5.8
2304,RI,Newport,84054,7.2
2305,RI,Providence,56429,8.4
2307,SC,Abbeville,40596,8.9
2308,SC,Aiken,51057,6
2309,SC,Allendale,41814,16.2
2310,SC,Anderson,46894,5.6
2311,SC,Bamberg,41081,7.5
2312,SC,Barnwell,41828,9.1
2313,SC,Beaufort,70166,4.4
2314,SC,Berkeley,48919,4.5
2315,SC,Calhoun,50375,7.2
2316,SC,Charleston,73032,2.5
2317,SC,Cherokee,40230,8.2
2318,SC,Chester,43169,10
2319,SC,Chesterfield,39538,6.3
2320,SC,Clarendon,44874,10.1
2321,SC,Colleton,42481,8.1
2322,SC,Darlington,47845,7
2323,SC,Dillon,39567,8.8
2324,SC,Dorchester,46857,5.3
2325,SC,Edgefield,45299,9.1
2326,SC,Fairfield,48634,10
2327,SC,Florence,51554,6.9
2328,SC,Georgetown,57656,6.4
2329,SC,Greenville,55442,3.3
2330,SC,Greenwood,44723,7.9
2331,SC,Hampton,41689,14.4
2332,SC,Horry,46817,7
2333,SC,Jasper,41531,9.5
2334,SC,Kershaw,50635,5.9
2335,SC,Lancaster,55033,-3.7
2336,SC,Laurens,41245,6.6
2337,SC,Lee,41364,9.3
2338,SC,Lexington,55304,4.1
2339,SC,McCormick,44391,6.2
2340,SC,Marion,41519,9.2
2341,SC,Marlboro,37933,9.4
2342,SC,Newberry,46917,7.1
2343,SC,Oconee,52336,4.6
2344,SC,Orangeburg,42376,9
2345,SC,Pickens,43842,4.6
2346,SC,Richland,52980,5.7
2347,SC,Saluda,44503,6.4
2348,SC,Spartanburg,50596,5.8
2349,SC,Sumter,47046,7.3
2350,SC,Union,40821,8.8
2351,SC,Williamsburg,40746,11.3
2352,SC,York,56566,5.5
2354,SD,Aurora,54512,19.9
2355,SD,Beadle,55409,7.4
2356,SD,Bennett,46894,16.9
2357,SD,Bon Homme,47665,5.7
2358,SD,Brookings,53860,7.2
2359,SD,Brown,66044,13.2
2360,SD,Brule,59267,16.1
2361,SD,Buffalo,32773,28.2
2362,SD,Butte,45885,8.4
2363,SD,Campbell,79723,47.3
2364,SD,Charles Mix,50673,12.1
2365,SD,Clark,71383,46.5
2366,SD,Clay,47288,6.3
2367,SD,Codington,59387,9.1
2368,SD,Corson,38834,14.4
2369,SD,Custer,59756,6.2
2370,SD,Davison,59258,7.5
2371,SD,Day,65558,36.3
2372,SD,Deuel,62580,18.4
2373,SD,Dewey,54255,23.8
2374,SD,Douglas,67626,1.9
2375,SD,Edmunds,77988,23.5
2376,SD,Fall River,51225,6.5
2377,SD,Faulk,80152,18.6
2378,SD,Grant,63935,14.1
2379,SD,Gregory,57305,13.7
2380,SD,Haakon,74530,43.6
2381,SD,Hamlin,57440,18
2382,SD,Hand,75506,23.4
2383,SD,Hanson,77579,8.5
2384,SD,Harding,60414,-3.5
2385,SD,Hughes,61666,4
2386,SD,Hutchinson,65945,4.2
2387,SD,Hyde,70095,31.2
2388,SD,Jackson,39102,17.1
2389,SD,Jerauld,62655,28.1
2390,SD,Jones,86307,4
2391,SD,Kingsbury,70430,20.2
2392,SD,Lake,69817,13.3
2393,SD,Lawrence,60510,5.8
2394,SD,Lincoln,77245,5.6
2395,SD,Lyman,57365,13.3
2396,SD,McCook,67402,11
2397,SD,McPherson,65047,34.2
2398,SD,Marshall,72571,30
2399,SD,Meade,50972,9.5
2400,SD,Mellette,43805,14.6
2401,SD,Miner,65438,22.2
2402,SD,Minnehaha,69693,6.5
2403,SD,Moody,65719,16.9
2404,SD,Oglala Lakota,34333,15.8
2405,SD,Pennington,64035,7.8
2406,SD,Perkins,50692,16.1
2407,SD,Potter,87031,18.6
2408,SD,Roberts,50205,22
2409,SD,Sanborn,64677,16.3
2410,SD,Spink,76434,29.6
2411,SD,Stanley,78300,1.4
2412,SD,Sully,106241,32.9
2413,SD,Todd,35663,10.8
2414,SD,Tripp,60022,11.3
2415,SD,Turner,73093,3.1
2416,SD,Union,134811,5.7
2417,SD,Walworth,58681,17.9
2418,SD,Yankton,59224,6.1
2419,SD,Ziebach,30532,34.9
2421,TN,Anderson,50901,7
2422,TN,Bedford,46083,6
2423,TN,Benton,40963,8.4
2424,TN,Bledsoe,33675,7.8
2425,TN,Blount,52596,6.9
2426,TN,Bradley,46409,7.7
2427,TN,Campbell,42471,8
2428,TN,Cannon,44419,6.9
2429,TN,Carroll,40502,3.8
2430,TN,Carter,40739,7.1
2431,TN,Cheatham,54069,4.9
2432,TN,Chester,41568,10.6
2433,TN,Claiborne,42542,7.1
2434,TN,Clay,40338,6.1
2435,TN,Cocke,40384,9.8
2436,TN,Coffee,46299,6.4
2437,TN,Crockett,49729,5.5
2438,TN,Cumberland,44295,6.7
2439,TN,Davidson,82087,5.3
2440,TN,Decatur,48912,5.1
2441,TN,DeKalb,47634,6.3
2442,TN,Dickson,50218,5.3
2443,TN,Dyer,51559,8.7
2444,TN,Fayette,68153,7
2445,TN,Fentress,40402,6.7
2446,TN,Franklin,45975,7
2447,TN,Gibson,46449,7.9
2448,TN,Giles,43321,6
2449,TN,Grainger,41569,8.2
2450,TN,Greene,41796,5.2
2451,TN,Grundy,39349,8.9
2452,TN,Hamblen,45234,8.4
2453,TN,Hamilton,60089,3.8
2454,TN,Hancock,34135,11.8
2455,TN,Hardeman,35485,8.2
2456,TN,Hardin,45053,8
2457,TN,Hawkins,41436,8.1
2458,TN,Haywood,41503,8.9
2459,TN,Henderson,44357,8.3
2460,TN,Henry,49852,9.5
2461,TN,Hickman,41689,5.4
2462,TN,Houston,39128,6
2463,TN,Humphreys,44127,5.6
2464,TN,Jackson,38953,8.1
2465,TN,Jefferson,44330,6.6
2466,TN,Johnson,37936,7
2467,TN,Knox,59934,6.5
2468,TN,Lake,29534,5.3
2469,TN,Lauderdale,39733,10.2
2470,TN,Lawrence,41310,5.3
2471,TN,Lewis,41476,9.2
2472,TN,Lincoln,48683,7.7
2473,TN,Loudon,60642,5.8
2474,TN,McMinn,43715,7.4
2475,TN,McNairy,38354,6.8
2476,TN,Macon,39669,6.1
2477,TN,Madison,51004,7.7
2478,TN,Marion,46559,6.9
2479,TN,Marshall,47446,6.9
2480,TN,Maury,52041,6.2
2481,TN,Meigs,39452,8.7
2482,TN,Monroe,42276,7.9
2483,TN,Montgomery,48104,6.7
2484,TN,Moore,48015,4.9
2485,TN,Morgan,39005,8.1
2486,TN,Obion,48493,7.7
2487,TN,Overton,40959,8
2488,TN,Perry,38404,4.2
2489,TN,Pickett,45308,5.9
2490,TN,Polk,39180,6.2
2491,TN,Putnam,47536,6.9
2492,TN,Rhea,42174,9.4
2493,TN,Roane,49972,6.6
2494,TN,Robertson,51097,5
2495,TN,Rutherford,49411,5.4
2496,TN,Scott,37333,9.1
2497,TN,Sequatchie,43709,8.4
2498,TN,Sevier,49012,6.5
2499,TN,Shelby,59212,6.6
2500,TN,Smith,48602,5.1
2501,TN,Stewart,48205,5.9
2502,TN,Sullivan,50418,6.6
2503,TN,Sumner,59105,4.9
2504,TN,Tipton,49219,7
2505,TN,Trousdale,36454,4.5
2506,TN,Unicoi,43044,7
2507,TN,Union,40349,6.8
2508,TN,Van Buren,36669,8.7
2509,TN,Warren,41296,7.5
2510,WA,Wayne,35726,10.5
2511,WA,Weakley,45366,7.3
2512,WA,White,40770,7.4
2513,WA,Williamson,107698,3.8
2514,WA,Wilson,59229,3.9
2516,TX,Anderson,42444,6.5
2517,TX,Andrews,52943,-7.5
2518,TX,Angelina,46170,5.6
2519,TX,Aransas,59878,2.3
2520,TX,Archer,60101,5.1
2521,TX,Armstrong,61382,4.9
2522,TX,Atascosa,46737,6.5
2523,TX,Austin,58284,2.4
2524,TX,Bailey,51709,12.1
2525,TX,Bandera,58706,3.9
2526,TX,Bastrop,44230,5.8
2527,TX,Baylor,58779,13.3
2528,TX,Bee,34738,4.1
2529,TX,Bell,49405,6.1
2530,TX,Bexar,51780,2.7
2531,TX,Blanco,66088,5.7
2532,TX,Borden,101470,-7.6
2533,TX,Bosque,50943,6
2534,TX,Bowie,47792,7.3
2535,TX,Brazoria,56360,4.4
2536,TX,Brazos,46702,5
2537,TX,Brewster,53014,5
2538,TX,Briscoe,58862,0.7
2539,TX,Brooks,43437,11.4
2540,TX,Brown,46028,5.6
2541,TX,Burleson,57482,5
2542,TX,Burnet,59381,4
2543,TX,Caldwell,41642,8.2
2544,TX,Calhoun,60589,3.5
2545,TX,Callahan,50963,5.2
2546,TX,Cameron,37861,12.1
2547,TX,Camp,46705,8
2548,TX,Carson,56357,-2.3
2549,TX,Cass,46101,8.7
2550,TX,Castro,81900,13.9
2551,TX,Chambers,60591,2.3
2552,TX,Cherokee,43376,7.6
2553,TX,Childress,39953,9.1
2554,TX,Clay,51938,5.3
2555,TX,Cochran,62305,12.2
2556,TX,Coke,48804,6.8
2557,TX,Coleman,54822,7.8
2558,TX,Collin,77006,2
2559,TX,Collingsworth,54140,8.1
2560,CO,Comal,67063,1.5
2561,CO,Comanche,50112,7.5
2562,CO,Concho,38635,11
2563,CO,Cooke,59800,4.7
2564,CO,Coryell,37476,7
2565,CO,Cottle,73613,14.3
2566,CO,Crane,54119,-7.8
2567,CO,Crockett,57013,2.6
2568,CO,Crosby,52897,10.4
2569,CO,Culberson,71297,15
2570,CO,Dallam,70511,6.9
2571,CO,Dallas,72218,2.5
2572,CO,Dawson,46139,8
2573,CO,Deaf Smith,60615,9.1
2574,CO,Delta,47471,8.4
2575,CO,Denton,68773,3.5
2576,CO,DeWitt,66916,-2
2577,CO,Dickens,50869,14.3
2578,CO,Dimmit,55771,2.7
2579,CO,Donley,50574,4.5
2580,CO,Duval,51887,8.7
2581,CO,Eastland,66400,-12
2582,CO,Ector,53610,-6.8
2583,CO,Edwards,73981,17.4
2584,CO,Ellis,53393,3.9
2585,CO,El Paso,44064,7.6
2586,CO,Erath,46906,5.5
2587,CO,Falls,43658,10.1
2588,CO,Fannin,46449,4.5
2589,CO,Fayette,65339,3.5
2590,CO,Fisher,57245,5.6
2591,CO,Floyd,53292,0.8
2592,CO,Foard,61279,11.8
2593,CO,Fort Bend,65797,-0.4
2594,CO,Franklin,51926,6.7
2595,CO,Freestone,44014,4.7
2596,CO,Frio,39898,5.8
2597,CO,Gaines,50616,3.6
2598,CO,Galveston,60071,2
2599,CO,Garza,36426,-2.1
2600,CO,Gillespie,78039,5.9
2601,CO,Glasscock,124963,-5.5
2602,CO,Goliad,55947,2.4
2603,CO,Gonzales,57578,2.6
2604,CO,Gray,49815,3.7
2605,CO,Grayson,52055,5.4
2606,CO,Gregg,52958,4.6
2607,CO,Grimes,41914,4.6
2608,CO,Guadalupe,52190,4.5
2609,CO,Hale,43543,8.5
2610,CO,Hall,48706,12
2611,CO,Hamilton,77672,4.9
2612,CO,Hansford,77093,4.4
2613,CO,Hardeman,54847,7.4
2614,CO,Hardin,52544,2.6
2615,CO,Harris,65869,1.8
2616,CO,Harrison,47928,3.1
2617,CO,Hartley,75790,1.5
2618,CO,Haskell,54321,2.8
2619,CO,Hays,56097,5.3
2620,CO,Hemphill,75731,1.9
2621,CO,Henderson,48594,5.3
2622,CO,Hidalgo,34503,10.9
2623,CO,Hill,49968,5.6
2624,CO,Hockley,52586,7.9
2625,CO,Hood,60912,3.8
2626,CO,Hopkins,50272,6.1
2627,CO,Houston,48835,8.8
2628,CO,Howard,51007,0.6
2629,CO,Hudspeth,42500,12.6
2630,CO,Hunt,46801,6.2
2631,CO,Hutchinson,50130,6.7
2632,CO,Irion,78988,-1.1
2633,CO,Jack,45263,2.7
2634,CO,Jackson,51971,-0.1
2635,CO,Jasper,49475,5.7
2636,CO,Jeff Davis,59302,8.4
2637,CO,Jefferson,48243,4.8
2638,CO,Jim Hogg,43336,8.2
2639,CO,Jim Wells,50892,8.6
2640,CO,Johnson,51619,6
2641,CO,Jones,38914,5
2642,CO,Karnes,73144,-3.6
2643,CO,Kaufman,49494,4.3
2644,CO,Kendall,96628,1
2645,CO,Kenedy,47141,2.8
2646,CO,Kent,55725,-0.9
2647,CO,Kerr,61401,4.9
2648,CO,Kimble,54345,6.1
2649,CO,King,91930,-4.4
2650,CO,Kinney,42929,9.4
2651,CO,Kleberg,45818,3.8
2652,CO,Knox,50320,9.7
2653,CO,Lamar,50699,7.6
2654,CO,Lamb,54689,9.9
2655,CO,Lampasas,58507,5.2
2656,CO,La Salle,52652,-0.9
2657,CO,Lavaca,62375,2.9
2658,CO,Lee,56674,-0.2
2659,CO,Leon,53179,5.9
2660,CO,Liberty,42813,4.7
2661,CO,Limestone,47439,6.4
2662,CO,Lipscomb,102569,6.9
2663,CO,Live Oak,46134,4.9
2664,CO,Llano,59689,5
2665,CO,Loving,115158,-11.4
2666,CO,Lubbock,50881,4.9
2667,CO,Lynn,58496,-5.8
2668,CO,McCulloch,45744,6
2669,CO,McLennan,49512,7.5
2670,CO,McMullen,110273,-5
2671,CO,Madison,40859,8.4
2672,CO,Marion,47582,2.8
2673,CO,Martin,84121,-7.2
2674,CO,Mason,57094,3.7
2675,CO,Matagorda,50775,3.7
2676,CO,Maverick,38448,8.9
2677,CO,Medina,50076,5.1
2678,CO,Menard,47390,6.5
2679,CO,Midland,126738,-23.3
2680,CO,Milam,45286,8.1
2681,CO,Mills,51712,12.2
2682,CO,Mitchell,35417,1.3
2683,CO,Montague,45716,1.8
2684,CO,Montgomery,68974,0.8
2685,CO,Moore,56634,7.3
2686,CO,Morris,47226,6.7
2687,CO,Motley,41754,16.2
2688,CO,Nacogdoches,46246,6.1
2689,CO,Navarro,45616,5.9
2690,CO,Newton,43123,6.6
2691,CO,Nolan,52629,3.8
2692,CO,Nueces,52852,4
2693,CO,Ochiltree,64247,-5.2
2694,CO,Oldham,72126,7.7
2695,CO,Orange,48912,3.6
2696,CO,Palo Pinto,52042,5.3
2697,CO,Panola,53292,-0.3
2698,CO,Parker,65358,4.5
2699,CO,Parmer,63512,11.6
2700,CO,Pecos,43661,-0.6
2701,CO,Polk,47994,5
2702,CO,Potter,55764,9.5
2703,CO,Presidio,61776,10.7
2704,CO,Rains,41563,5.9
2705,CO,Randall,56381,5.7
2706,CO,Reagan,61077,-3.7
2707,CO,Real,55449,13.6
2708,CO,Red River,53818,7.7
2709,CO,Reeves,52811,-6.2
2710,CO,Refugio,54475,3.1
2711,CO,Roberts,56868,5.6
2712,CO,Robertson,52894,5.7
2713,CO,Rockwall,70833,2.2
2714,CO,Runnels,51307,4.5
2715,CO,Rusk,44874,5.1
2716,CO,Sabine,44900,9.1
2717,CO,San Augustine,50573,0.6
2718,CO,San Jacinto,46477,4.6
2719,CO,San Patricio,51392,3.4
2720,CO,San Saba,43735,-5.5
2721,CO,Schleicher,51775,5.8
2722,CO,Scurry,47138,0.3
2723,CO,Shackelford,93075,-7.9
2724,CO,Shelby,54640,8.7
2725,CO,Sherman,122945,-4.2
2726,CO,Smith,60284,-1.4
2727,CO,Somervell,54826,5.3
2728,CO,Starr,34933,14.5
2729,CO,Stephens,48498,-0.5
2730,CO,Sterling,65866,-0.6
2731,CO,Stonewall,73182,8.1
2732,CO,Sutton,68431,-9.3
2733,CO,Swisher,72623,4
2734,CO,Tarrant,58940,3.3
2735,CO,Taylor,58316,8.2
2736,CO,Terrell,63481,19.7
2737,CO,Terry,45353,11.7
2738,CO,Throckmorton,69390,2.2
2739,CO,Titus,48007,10.8
2740,CO,Tom Green,59877,7.5
2741,CO,Travis,81708,0.9
2742,CO,Trinity,47101,6.4
2743,CO,Tyler,41613,9.7
2744,CO,Upshur,43308,2.9
2745,CO,Upton,61595,8.3
2746,CO,Uvalde,53257,8.6
2747,CO,Val Verde,46642,6.6
2748,CO,Van Zandt,45045,5.6
2749,CO,Victoria,58479,1.9
2750,CO,Walker,33345,4.5
2751,CO,Waller,49404,3.5
2752,CO,Ward,55099,-12.2
2753,WA,Webb,40850,7.2
2754,WA,Wharton,52948,3.8
2755,WA,Wheeler,49906,7.6
2756,WA,Wichita,50210,4.6
2757,WA,Wilbarger,59952,4.4
2758,WA,Willacy,37792,12.1
2759,WA,Williamson,62931,5.1
2760,WA,Wilson,55762,3
2761,WA,Winkler,66180,-9.2
2762,WA,Wise,53871,5.4
2763,WA,Wood,47546,6.1
2764,WA,Yoakum,51954,1
2765,WA,Young,58602,3
2766,WA,Zapata,33288,0
2767,WA,Zavala,43868,9.6
2769,UT,Beaver,46960,20.6
2770,UT,Box Elder,45456,8.7
2771,UT,Cache,47269,5.2
2772,UT,Carbon,45120,5.9
2773,UT,Daggett,51672,4.5
2774,UT,Davis,54820,7.1
2775,UT,Duchesne,42903,6.3
2776,UT,Emery,40871,11
2777,UT,Garfield,50209,9.1
2778,UT,Grand,69832,7.1
2779,UT,Iron,38834,8
2780,UT,Juab,48060,10.3
2781,UT,Kane,49842,10.4
2782,UT,Millard,44281,7
2783,UT,Morgan,63256,6.9
2784,UT,Piute,49233,2.6
2785,UT,Rich,43280,6.2
2786,UT,Salt Lake,62547,8.5
2787,UT,San Juan,34038,10.2
2788,UT,Sanpete,39139,11.6
2789,UT,Sevier,41983,8.8
2790,UT,Summit,183972,5.5
2791,UT,Tooele,46131,8.2
2792,UT,Uintah,35128,3.7
2793,UT,Wasatch,71360,5.6
2794,WA,Wayne,52647,10.8
2795,WA,Weber,49857,7.4
2797,VT,Addison,59540,6.5
2798,VT,Bennington,61287,6.4
2799,VT,Caledonia,50533,10.2
2800,VT,Chittenden,67921,5.6
2801,VT,Essex,48120,8.1
2802,VT,Franklin,54756,6.5
2803,VT,Grand Isle,70543,4.3
2804,VT,Lamoille,62305,7.7
2805,VT,Orange,55573,7.4
2806,VT,Orleans,51960,9.3
2807,VT,Rutland,57831,7.4
2808,WA,Windham,55841,7.9
2809,WA,Windsor,69523,6.5
2811,VA,Accomack,57520,7.3
2812,VA,Amelia,50973,6.1
2813,VA,Amherst,44051,7.9
2814,VA,Appomattox,44943,6.9
2815,VA,Arlington,107603,3.1
2816,VA,Bath,72157,5.5
2817,VA,Bedford,53861,6
2818,VA,Bland,42820,6
2819,VA,Botetourt,57997,5.4
2820,VA,Brunswick,40151,10.4
2821,VA,Buchanan,44003,6.8
2822,VA,Buckingham,37220,8.3
2823,VA,Caroline,49650,7.7
2824,VA,Charles City,58882,9
2825,VA,Charlotte,43870,8
2826,VA,Chesterfield,61200,5.4
2827,VA,Clarke,75403,4.4
2828,VA,Craig,47457,7.2
2829,VA,Culpeper,55336,5.8
2830,VA,Cumberland,47040,7.3
2831,VA,Dickenson,41437,10.7
2832,VA,Essex,51780,9.2
2833,VA,Fauquier,78810,3.9
2834,VA,Floyd,47376,7.8
2835,VA,Fluvanna,53612,6.2
2836,VA,Franklin,50264,7.3
2837,VA,Giles,48098,7.6
2838,VA,Gloucester,55944,6.3
2839,VA,Goochland,110781,1.1
2840,VA,Grayson,38600,9
2841,VA,Greene,51152,5.4
2842,VA,Halifax,43557,8.6
2843,VA,Hanover,68934,6.5
2844,VA,Henrico,74650,1.6
2845,VA,Highland,50196,4.7
2846,VA,Isle of Wight,63005,5.7
2847,VA,King and Queen,55935,9.8
2848,VA,King George,62077,5.3
2849,VA,King William,53900,5.9
2850,VA,Lancaster,70474,6.2
2851,VA,Lee,38300,11.8
2852,VA,Loudoun,90254,3.5
2853,VA,Louisa,50089,6.1
2854,VA,Lunenburg,40149,9.6
2855,VA,Madison,55148,6.5
2856,VA,Mathews,66906,4.7
2857,VA,Mecklenburg,46019,9.1
2858,VA,Middlesex,59146,4.7
2859,VA,Nelson,63085,9
2860,VA,New Kent,90086,4
2861,VA,Northampton,63928,8.9
2862,VA,Northumberland,63005,5.5
2863,VA,Nottoway,42851,8.1
2864,VA,Orange,57849,5.3
2865,VA,Page,47157,8
2866,VA,Patrick,39564,8.5
2867,VA,Powhatan,67031,4.4
2868,VA,Prince Edward,38883,7.7
2869,VA,Pulaski,47174,9.1
2870,VA,Rappahannock,76181,3.6
2871,VA,Richmond,44749,10.5
2872,VA,Russell,40061,7.6
2873,VA,Scott,39583,7.3
2874,VA,Shenandoah,53753,7.4
2875,VA,Smyth,44740,8.5
2876,VA,Stafford,62954,4.8
2877,VA,Surry,51892,8.3
2878,VA,Sussex,39243,9.6
2879,VA,Tazewell,43786,6.4
2880,VA,Warren,54290,6.8
2881,VA,Westmoreland,50190,6.8
2882,VA,Wythe,43593,9.6
2884,VA,Alexandria,100017,4.6
2885,VA,Chesapeake,56742,6.8
2886,VA,Hampton,49233,8.8
2887,VA,Newport News,47448,9.8
2888,VA,Norfolk,46923,6.9
2889,VA,Portsmouth,47944,10.5
2890,VA,Richmond,68048,8.8
2891,VA,Roanoke,50599,10.6
2892,VA,Suffolk,59309,6.4
2893,VA,Virginia Beach,63942,5.6
2895,VA,Albemarle + Charlottesville,85867,3.1
2896,VA,Alleghany + Covington,45094,7
2897,VA,"Augusta, Staunton + Waynesboro",51965,6.6
2898,VA,Campbell + Lynchburg,44577,9.2
2899,VA,Carroll + Galax,43247,9.2
2900,VA,"Dinwiddie, Colonial Heights + Petersburg",47335,10.5
2901,VA,"Fairfax, Fairfax City + Falls Church",94677,3.2
2902,VA,Frederick + Winchester,59016,5.7
2903,VA,Greensville + Emporia,39397,11.6
2904,VA,Henry + Martinsville,46758,9.9
2905,VA,James City + Williamsburg,71981,5.3
2906,VA,Montgomery + Radford,43778,5.1
2907,VA,Pittsylvania + Danville,44894,9.9
2908,VA,Prince George + Hopewell,42377,8
2909,VA,"Prince William, Manassas + Manassas Park",62810,6
2910,VA,Roanoke + Salem,57434,5.5
2911,VA,"Rockbridge, Buena Vista + Lexington",46700,5.7
2912,VA,Rockingham + Harrisonburg,47217,6.5
2913,VA,Southampton + Franklin,49843,8.4
2914,VA,Spotsylvania + Fredericksburg,59414,6.3
2915,VA,Washington + Bristol,47310,7.2
2916,VA,Wise + Norton,40768,8.9
2917,VA,York + Poquoson,66561,4.3
2919,WA,Adams,47867,11.1
2920,WA,Asotin,55564,7.1
2921,WA,Benton,54958,7
2922,WA,Chelan,62792,8.8
2923,WA,Clallam,54894,7.6
2924,WA,Clark,63427,5.6
2925,WA,Columbia,70579,13.7
2926,WA,Cowlitz,54550,8.2
2927,WA,Douglas,49290,10.3
2928,WA,Ferry,46847,14.8
2929,WA,Franklin,45937,8.7
2930,WA,Garfield,56792,12.2
2931,WA,Grant,48845,13.4
2932,WA,Grays Harbor,47094,8.4
2933,WA,Island,65188,6.7
2934,WA,Jefferson,60365,6.1
2935,WA,King,108212,4.9
2936,WA,Kitsap,67845,6.9
2937,WA,Kittitas,52846,7.7
2938,WA,Klickitat,55602,6.4
2939,WA,Lewis,52517,9
2940,WA,Lincoln,51578,11.2
2941,WA,Mason,52410,7.5
2942,WA,Okanogan,50517,12.5
2943,WA,Pacific,46597,7
2944,WA,Pend Oreille,51623,8.3
2945,WA,Pierce,61580,7.8
2946,WA,San Juan,87038,4.2
2947,WA,Skagit,64093,7.6
2948,WA,Skamania,58554,7.2
2949,WA,Snohomish,68858,8.1
2950,WA,Spokane,53770,7.6
2951,WA,Stevens,47613,8.2
2952,WA,Thurston,61062,8.1
2953,WA,Wahkiakum,52239,7.6
2954,WA,Walla Walla,53845,8.7
2955,WA,Whatcom,58137,6.3
2956,WA,Whitman,46502,8.5
2957,WA,Yakima,50872,9.5
2959,WV,Barbour,40576,6.9
2960,WV,Berkeley,49759,6
2961,WV,Boone,41910,9.5
2962,WV,Braxton,41547,8
2963,WV,Brooke,50271,8.4
2964,WV,Cabell,49866,6.5
2965,WV,Calhoun,41444,10.5
2966,WV,Clay,39788,8.4
2967,WV,Doddridge,37685,4.6
2968,WV,Fayette,44136,6
2969,WV,Gilmer,35405,4.9
2970,WV,Grant,45643,8.5
2971,WV,Greenbrier,47283,6.6
2972,WV,Hampshire,43618,6
2973,WV,Hancock,49823,6.7
2974,WV,Hardy,40562,5.7
2975,WV,Harrison,57205,3.3
2976,WV,Jackson,45681,6.2
2977,WV,Jefferson,59214,5.1
2978,WV,Kanawha,55897,6.3
2979,WV,Lewis,43341,2.4
2980,WV,Lincoln,37139,8.6
2981,WV,Logan,43764,7.5
2982,WV,McDowell,34141,8
2983,WV,Marion,48343,4.9
2984,WV,Marshall,47456,2.8
2985,WV,Mason,42126,8
2986,WV,Mercer,44564,7.5
2987,WV,Mineral,48155,6.6
2988,WV,Mingo,37396,4.1
2989,WV,Monongalia,52576,3.7
2990,WV,Monroe,41207,7.9
2991,WV,Morgan,44779,7.2
2992,WV,Nicholas,40915,7.4
2993,OH,Pendleton,50144,6.8
2994,OH,Pleasants,49077,3.4
2995,OH,Pocahontas,50236,9.9
2996,OH,Preston,42091,6.9
2997,OH,Putnam,53536,4.4
2998,OH,Raleigh,47265,2.3
2999,OH,Randolph,45453,8.6
3000,OH,Ritchie,52040,7.1
3001,OH,Roane,39963,8.1
3002,OH,Summers,42796,6.4
3003,OH,Taylor,47328,2.8
3004,OH,Tucker,52251,9.6
3005,OH,Tyler,47802,2.8
3006,OH,Upshur,40187,4.6
3007,OH,Wayne,41080,6.3
3008,OH,Webster,34564,11.1
3009,OH,Wetzel,43357,4.3
3010,OH,Wirt,40858,7.3
3011,OH,Wood,52329,3.3
3013,WI,Adams,46002,5.8
3014,WI,Ashland,46418,6.6
3015,WI,Barron,56898,6.1
3016,WI,Bayfield,53902,5.5
3017,WI,Brown,59279,5.4
3018,WI,Buffalo,53031,7.6
3019,WI,Burnett,49108,6.4
3020,WI,Calumet,57182,5.2
3021,WI,Chippewa,53415,6.8
3022,WI,Clark,50128,10.5
3023,WI,Columbia,60708,6.9
3024,WI,Crawford,49273,7.9
3025,WI,Dane,71062,4.7
3026,WI,Dodge,51287,6.1
3027,WI,Door,68172,4.4
3028,WI,Douglas,49872,4.1
3029,WI,Dunn,47673,8.2
3030,WI,Eau Claire,55693,5.9
3031,WI,Florence,64600,-1.4
3032,WI,Fond du Lac,56378,6.3
3033,WI,Forest,46139,6.1
3034,WI,Grant,51761,8.4
3035,WI,Green,60240,6.7
3036,WI,Green Lake,49311,5.1
3037,IA,Iron,52673,6.2
3038,IA,Jackson,49697,6.8
3039,IA,Jefferson,53863,6.1
3040,IA,Juneau,46040,6.9
3041,IA,Kenosha,57085,6.7
3042,IA,Kewaunee,54422,8.7
3043,IA,La Crosse,58301,6.1
3044,IA,Lafayette,52194,11.6
3045,IA,Langlade,51008,8.7
3046,IA,Lincoln,51407,7
3047,IA,Manitowoc,53085,6.7
3048,IA,Marathon,58096,5.8
3049,IA,Marinette,51265,5.7
3050,IA,Marquette,47885,6.8
3051,IA,Menominee,43212,8.4
3052,IA,Milwaukee,55927,6.9
3053,IA,Monroe,49000,9.2
3054,IA,Oconto,53114,6
3055,IA,Oneida,55861,5.8
3056,IA,Outagamie,58622,5
3057,IA,Ozaukee,92719,3.4
3058,IA,Pepin,57620,9.2
3059,IA,Pierce,54429,5
3060,IA,Polk,52885,6.2
3061,IA,Portage,53435,6.6
3062,IA,Price,51148,6.5
3063,IA,Racine,56884,5.4
3064,IA,Richland,50749,8.7
3065,IA,Rock,52787,7.1
3066,IA,Rusk,51844,7.6
3067,IA,St. Croix,63800,4
3068,IA,Sauk,60631,6.5
3069,IA,Sawyer,50445,5.1
3070,IA,Shawano,49746,7.4
3071,IA,Sheboygan,58425,4.9
3072,IA,Taylor,49783,10.8
3073,IA,Trempealeau,49712,6.9
3074,IA,Vernon,49116,7.8
3075,IA,Vilas,56041,1
3076,IA,Walworth,58208,5.8
3077,IA,Washburn,53835,7.1
3078,WA,Waukesha,82032,3.9
3079,WA,Waupaca,52622,6.3
3080,WA,Waushara,46929,6.1
3081,WA,Winnebago,55202,5.3
3082,WA,Wood,53122,5.9
3084,WY,Albany,48528,7.2
3085,WY,Big Horn,47259,11.1
3086,WY,Campbell,56008,0.3
3087,WY,Carbon,64804,6.3
3088,WY,Converse,69583,-1.9
3089,WY,Crook,51825,2.3
3090,WY,Fremont,51452,5.3
3091,WY,Goshen,50633,6.1
3092,WY,Hot Springs,78817,22.3
3093,WY,Johnson,61294,3
3094,WY,Laramie,58646,3.3
3095,WY,Lincoln,61945,11.2
3096,WY,Natrona,70175,-3.7
3097,WY,Niobrara,53797,10.6
3098,WY,Park,65944,3.1
3099,WY,Platte,53368,-1.3
3100,WY,Sheridan,64449,3
3101,WY,Sublette,65620,1.9
3102,WY,Sweetwater,56934,-2.5
3103,WY,Teton,318297,4.3
3104,WY,Uinta,44157,3.4
3105,WY,Washakie,60235,11.4
3106,WY,Weston,49526,2.6
