,state,county,fips
67,AK,Aleutians East,02013
68,AK,Aleutians West,02016
70,AK,Anchorage,02020
72,AK,Bethel,02050
74,AK,Bristol Bay,02060
76,AK,Denali,02068
78,AK,Dillingham,02070
80,AK,Fairbanks North Star,02090
82,AK,Haines,02100
84,AK,Juneau,02110
86,AK,Kenai Peninsula,02122
88,AK,Ketchikan Gateway,02130
90,AK,Kodiak Island,02150
92,AK,Lake and Peninsula,02164
94,AK,Matanuska-Susitna,02170
96,AK,Nome,02180
98,AK,North Slope,02185
100,AK,Northwest Arctic,02188
103,AK,Sitka,02220
105,AK,Skagway-Hoonah-Angoon,02232
107,AK,Southeast Fairbanks,02240
109,AK,Valdez-Cordova,02261
111,AK,Wade Hampton,02270
113,AK,Wrangell-Petersburg,02280
115,AK,Yakutat,02282
117,AK,Yukon-Koyukuk,02290
0,AL,Autauga,01001
2,AL,Baldwin,01003
4,AL,Barbour,01005
6,AL,Bibb,01007
8,AL,Blount,01009
10,AL,Bullock,01011
12,AL,Butler,01013
14,AL,Calhoun,01015
16,AL,Chambers,01017
18,AL,Cherokee,01019
20,AL,Chilton,01021
22,AL,Choctaw,01023
24,AL,Clarke,01025
26,AL,Clay,01027
28,AL,Cleburne,01029
30,AL,Coffee,01031
32,AL,Colbert,01033
34,AL,Conecuh,01035
36,AL,Coosa,01037
38,AL,Covington,01039
40,AL,Crenshaw,01041
42,AL,Cullman,01043
44,AL,Dale,01045
46,AL,Dallas,01047
48,AL,DeKalb,01049
50,AL,Elmore,01051
52,AL,Escambia,01053
54,AL,Etowah,01055
56,AL,Fayette,01057
58,AL,Franklin,01059
60,AL,Geneva,01061
62,AL,Greene,01063
64,AL,Hale,01065
66,AL,Henry,01067
1,AL,Houston,01069
3,AL,Jackson,01071
5,AL,Jefferson,01073
7,AL,Lamar,01075
9,AL,Lauderdale,01077
11,AL,Lawrence,01079
13,AL,Lee,01081
15,AL,Limestone,01083
17,AL,Lowndes,01085
19,AL,Macon,01087
21,AL,Madison,01089
23,AL,Marengo,01091
25,AL,Marion,01093
27,AL,Marshall,01095
29,AL,Mobile,01097
31,AL,Monroe,01099
33,AL,Montgomery,01101
35,AL,Morgan,01103
37,AL,Perry,01105
39,AL,Pickens,01107
41,AL,Pike,01109
43,AL,Randolph,01111
45,AL,Russell,01113
49,AL,Shelby,01117
47,AL,St. Clair,01115
51,AL,Sumter,01119
53,AL,Talladega,01121
55,AL,Tallapoosa,01123
57,AL,Tuscaloosa,01125
59,AL,Walker,01127
61,AL,Washington,01129
63,AL,Wilcox,01131
65,AL,Winston,01133
77,AR,Arkansas,05001
79,AR,Ashley,05003
81,AR,Baxter,05005
83,AR,Benton,05007
85,AR,Boone,05009
87,AR,Bradley,05011
89,AR,Calhoun,05013
91,AR,Carroll,05015
93,AR,Chicot,05017
95,AR,Clark,05019
97,AR,Clay,05021
99,AR,Cleburne,05023
101,AR,Cleveland,05025
104,AR,Craighead,05031
106,AR,Crawford,05033
108,AR,Crittenden,05035
110,AR,Cross,05037
112,AR,Dallas,05039
114,AR,Desha,05041
116,AR,Drew,05043
118,AR,Faulkner,05045
120,AR,Franklin,05047
122,AR,Fulton,05049
124,AR,Garland,05051
126,AR,Grant,05053
128,AR,Greene,05055
130,AR,Hempstead,05057
132,AR,Hot Spring,05059
134,AR,Howard,05061
136,AR,Independence,05063
138,AR,Izard,05065
140,AR,Jackson,05067
141,AR,Jefferson,05069
143,AR,Johnson,05071
145,AR,Lafayette,05073
147,AR,Lawrence,05075
149,AR,Lee,05077
151,AR,Lincoln,05079
153,AR,Little River,05081
155,AR,Logan,05083
157,AR,Lonoke,05085
159,AR,Madison,05087
161,AR,Marion,05089
163,AR,Miller,05091
165,AR,Mississippi,05093
167,AR,Monroe,05095
169,AR,Montgomery,05097
171,AR,Nevada,05099
173,AR,Newton,05101
175,AR,Ouachita,05103
177,AR,Perry,05105
179,AR,Phillips,05107
181,AR,Pike,05109
183,AR,Poinsett,05111
185,AR,Polk,05113
187,AR,Pope,05115
189,AR,Prairie,05117
191,AR,Pulaski,05119
193,AR,Randolph,05121
197,AR,Saline,05125
199,AR,Scott,05127
201,AR,Searcy,05129
203,AR,Sebastian,05131
205,AR,Sevier,05133
207,AR,Sharp,05135
195,AR,St. Francis,05123
209,AR,Stone,05137
211,AR,Union,05139
213,AR,Van Buren,05141
215,AR,Washington,05143
142,AR,White,05145
144,AR,Woodruff,05147
146,AR,Yell,05149
3173,AS,Eastern,60010
3175,AS,Manu'a,60020
3177,AS,Rose Island,60030
3179,AS,Swains Island,60040
3106,AS,Western,60050
119,AZ,Apache,04001
121,AZ,Cochise,04003
123,AZ,Coconino,04005
125,AZ,Gila,04007
127,AZ,Graham,04009
129,AZ,Greenlee,04011
131,AZ,La Paz,04012
133,AZ,Maricopa,04013
135,AZ,Mohave,04015
137,AZ,Navajo,04017
139,AZ,Pima,04019
69,AZ,Pinal,04021
71,AZ,Santa Cruz,04023
73,AZ,Yavapai,04025
75,AZ,Yuma,04027
148,CA,Alameda,06001
150,CA,Alpine,06003
152,CA,Amador,06005
154,CA,Butte,06007
156,CA,Calaveras,06009
158,CA,Colusa,06011
160,CA,Contra Costa,06013
162,CA,Del Norte,06015
164,CA,El Dorado,06017
166,CA,Fresno,06019
168,CA,Glenn,06021
170,CA,Humboldt,06023
172,CA,Imperial,06025
174,CA,Inyo,06027
176,CA,Kern,06029
178,CA,Kings,06031
180,CA,Lake,06033
182,CA,Lassen,06035
184,CA,Los Angeles,06037
186,CA,Madera,06039
188,CA,Marin,06041
190,CA,Mariposa,06043
192,CA,Mendocino,06045
194,CA,Merced,06047
196,CA,Modoc,06049
198,CA,Mono,06051
200,CA,Monterey,06053
202,CA,Napa,06055
204,CA,Nevada,06057
206,CA,Orange,06059
208,CA,Placer,06061
210,CA,Plumas,06063
212,CA,Riverside,06065
214,CA,Sacramento,06067
216,CA,San Benito,06069
217,CA,San Bernardino,06071
219,CA,San Diego,06073
221,CA,San Francisco,06075
223,CA,San Joaquin,06077
225,CA,San Luis Obispo,06079
227,CA,San Mateo,06081
229,CA,Santa Barbara,06083
231,CA,Santa Clara,06085
233,CA,Santa Cruz,06087
235,CA,Shasta,06089
237,CA,Sierra,06091
239,CA,Siskiyou,06093
241,CA,Solano,06095
243,CA,Sonoma,06097
245,CA,Stanislaus,06099
247,CA,Sutter,06101
249,CA,Tehama,06103
251,CA,Trinity,06105
253,CA,Tulare,06107
255,CA,Tuolumne,06109
257,CA,Ventura,06111
259,CA,Yolo,06113
261,CA,Yuba,06115
263,CO,Adams,08001
265,CO,Alamosa,08003
267,CO,Arapahoe,08005
269,CO,Archuleta,08007
271,CO,Baca,08009
273,CO,Bent,08011
275,CO,Boulder,08013
277,CO,Chaffee,08015
279,CO,Cheyenne,08017
281,CO,Clear Creek,08019
283,CO,Conejos,08021
285,CO,Costilla,08023
287,CO,Crowley,08025
289,CO,Custer,08027
291,CO,Delta,08029
218,CO,Denver,08031
220,CO,Dolores,08033
222,CO,Douglas,08035
224,CO,Eagle,08037
228,CO,El Paso,08041
226,CO,Elbert,08039
230,CO,Fremont,08043
232,CO,Garfield,08045
234,CO,Gilpin,08047
236,CO,Grand,08049
238,CO,Gunnison,08051
240,CO,Hinsdale,08053
242,CO,Huerfano,08055
244,CO,Jackson,08057
246,CO,Jefferson,08059
248,CO,Kiowa,08061
250,CO,Kit Carson,08063
254,CO,La Plata,08067
252,CO,Lake,08065
256,CO,Larimer,08069
258,CO,Las Animas,08071
260,CO,Lincoln,08073
262,CO,Logan,08075
264,CO,Mesa,08077
266,CO,Mineral,08079
268,CO,Moffat,08081
270,CO,Montezuma,08083
272,CO,Montrose,08085
274,CO,Morgan,08087
276,CO,Otero,08089
278,CO,Ouray,08091
280,CO,Park,08093
282,CO,Phillips,08095
284,CO,Pitkin,08097
286,CO,Prowers,08099
288,CO,Pueblo,08101
290,CO,Rio Blanco,08103
292,CO,Rio Grande,08105
293,CO,Routt,08107
295,CO,Saguache,08109
297,CO,San Juan,08111
299,CO,San Miguel,08113
301,CO,Sedgwick,08115
303,CO,Summit,08117
305,CO,Teller,08119
307,CO,Washington,08121
309,CO,Weld,08123
311,CO,Yuma,08125
313,CT,Fairfield,09001
315,CT,Hartford,09003
317,CT,Litchfield,09005
319,CT,Middlesex,09007
321,CT,New Haven,09009
323,CT,New London,09011
325,CT,Tolland,09013
327,CT,Windham,09015
335,DC,District of Columbia,11001
329,DE,Kent,10001
331,DE,New Castle,10003
333,DE,Sussex,10005
337,FL,Alachua,12001
339,FL,Baker,12003
341,FL,Bay,12005
343,FL,Bradford,12007
345,FL,Brevard,12009
347,FL,Broward,12011
349,FL,Calhoun,12013
351,FL,Charlotte,12015
353,FL,Citrus,12017
355,FL,Clay,12019
357,FL,Collier,12021
359,FL,Columbia,12023
361,FL,DeSoto,12027
363,FL,Dixie,12029
365,FL,Duval,12031
367,FL,Escambia,12033
294,FL,Flagler,12035
296,FL,Franklin,12037
298,FL,Gadsden,12039
300,FL,Gilchrist,12041
302,FL,Glades,12043
304,FL,Gulf,12045
306,FL,Hamilton,12047
308,FL,Hardee,12049
310,FL,Hendry,12051
312,FL,Hernando,12053
314,FL,Highlands,12055
316,FL,Hillsborough,12057
318,FL,Holmes,12059
320,FL,Indian River,12061
322,FL,Jackson,12063
324,FL,Jefferson,12065
326,FL,Lafayette,12067
328,FL,Lake,12069
330,FL,Lee,12071
332,FL,Leon,12073
334,FL,Levy,12075
336,FL,Liberty,12077
338,FL,Madison,12079
340,FL,Manatee,12081
342,FL,Marion,12083
344,FL,Martin,12085
346,FL,Miami-Dade,12086
348,FL,Monroe,12087
350,FL,Nassau,12089
352,FL,Okaloosa,12091
354,FL,Okeechobee,12093
356,FL,Orange,12095
358,FL,Osceola,12097
360,FL,Palm Beach,12099
362,FL,Pasco,12101
364,FL,Pinellas,12103
366,FL,Polk,12105
368,FL,Putnam,12107
373,FL,Santa Rosa,12113
375,FL,Sarasota,12115
377,FL,Seminole,12117
369,FL,St. Johns,12109
371,FL,St. Lucie,12111
379,FL,Sumter,12119
381,FL,Suwannee,12121
383,FL,Taylor,12123
385,FL,Union,12125
387,FL,Volusia,12127
389,FL,Wakulla,12129
391,FL,Walton,12131
393,FL,Washington,12133
395,GA,Appling,13001
397,GA,Atkinson,13003
399,GA,Bacon,13005
401,GA,Baker,13007
403,GA,Baldwin,13009
405,GA,Banks,13011
407,GA,Barrow,13013
409,GA,Bartow,13015
411,GA,Ben Hill,13017
413,GA,Berrien,13019
415,GA,Bibb,13021
417,GA,Bleckley,13023
419,GA,Brantley,13025
421,GA,Brooks,13027
423,GA,Bryan,13029
425,GA,Bulloch,13031
427,GA,Burke,13033
429,GA,Butts,13035
431,GA,Calhoun,13037
433,GA,Camden,13039
435,GA,Candler,13043
437,GA,Carroll,13045
439,GA,Catoosa,13047
441,GA,Charlton,13049
443,GA,Chatham,13051
370,GA,Chattahoochee,13053
372,GA,Chattooga,13055
374,GA,Cherokee,13057
376,GA,Clarke,13059
378,GA,Clay,13061
380,GA,Clayton,13063
382,GA,Clinch,13065
384,GA,Cobb,13067
386,GA,Coffee,13069
388,GA,Colquitt,13071
390,GA,Columbia,13073
392,GA,Cook,13075
394,GA,Coweta,13077
396,GA,Crawford,13079
398,GA,Crisp,13081
400,GA,Dade,13083
402,GA,Dawson,13085
406,GA,DeKalb,13089
404,GA,Decatur,13087
408,GA,Dodge,13091
410,GA,Dooly,13093
412,GA,Dougherty,13095
414,GA,Douglas,13097
416,GA,Early,13099
418,GA,Echols,13101
420,GA,Effingham,13103
422,GA,Elbert,13105
424,GA,Emanuel,13107
426,GA,Evans,13109
428,GA,Fannin,13111
430,GA,Fayette,13113
432,GA,Floyd,13115
434,GA,Forsyth,13117
436,GA,Franklin,13119
438,GA,Fulton,13121
440,GA,Gilmer,13123
442,GA,Glascock,13125
444,GA,Glynn,13127
445,GA,Gordon,13129
447,GA,Grady,13131
449,GA,Greene,13133
451,GA,Gwinnett,13135
453,GA,Habersham,13137
455,GA,Hall,13139
457,GA,Hancock,13141
459,GA,Haralson,13143
461,GA,Harris,13145
463,GA,Hart,13147
465,GA,Heard,13149
467,GA,Henry,13151
469,GA,Houston,13153
471,GA,Irwin,13155
473,GA,Jackson,13157
475,GA,Jasper,13159
477,GA,Jeff Davis,13161
479,GA,Jefferson,13163
481,GA,Jenkins,13165
483,GA,Johnson,13167
485,GA,Jones,13169
487,GA,Lamar,13171
489,GA,Lanier,13173
491,GA,Laurens,13175
493,GA,Lee,13177
495,GA,Liberty,13179
497,GA,Lincoln,13181
499,GA,Long,13183
501,GA,Lowndes,13185
503,GA,Lumpkin,13187
509,GA,Macon,13193
511,GA,Madison,13195
513,GA,Marion,13197
505,GA,McDuffie,13189
507,GA,McIntosh,13191
515,GA,Meriwether,13199
517,GA,Miller,13201
519,GA,Mitchell,13205
446,GA,Monroe,13207
448,GA,Montgomery,13209
450,GA,Morgan,13211
452,GA,Murray,13213
454,GA,Muscogee,13215
456,GA,Newton,13217
458,GA,Oconee,13219
460,GA,Oglethorpe,13221
462,GA,Paulding,13223
464,GA,Peach,13225
466,GA,Pickens,13227
468,GA,Pierce,13229
470,GA,Pike,13231
472,GA,Polk,13233
474,GA,Pulaski,13235
476,GA,Putnam,13237
478,GA,Quitman,13239
480,GA,Rabun,13241
482,GA,Randolph,13243
484,GA,Richmond,13245
486,GA,Rockdale,13247
488,GA,Schley,13249
490,GA,Screven,13251
492,GA,Seminole,13253
494,GA,Spalding,13255
496,GA,Stephens,13257
498,GA,Stewart,13259
500,GA,Sumter,13261
502,GA,Talbot,13263
504,GA,Taliaferro,13265
506,GA,Tattnall,13267
508,GA,Taylor,13269
510,GA,Telfair,13271
512,GA,Terrell,13273
514,GA,Thomas,13275
516,GA,Tift,13277
518,GA,Toombs,13279
520,GA,Towns,13281
521,GA,Treutlen,13283
523,GA,Troup,13285
525,GA,Turner,13287
527,GA,Twiggs,13289
529,GA,Union,13291
531,GA,Upson,13293
533,GA,Walker,13295
535,GA,Walton,13297
537,GA,Ware,13299
539,GA,Warren,13301
541,GA,Washington,13303
543,GA,Wayne,13305
545,GA,Webster,13307
547,GA,Wheeler,13309
549,GA,White,13311
551,GA,Whitfield,13313
553,GA,Wilcox,13315
555,GA,Wilkes,13317
557,GA,Wilkinson,13319
559,GA,Worth,13321
3108,GU,Guam,66010
561,HI,Hawaii,15001
563,HI,Honolulu,15003
565,HI,Kalawao,15005
567,HI,Kauai,15007
569,HI,Maui,15009
819,IA,Adair,19001
821,IA,Adams,19003
823,IA,Allamakee,19005
750,IA,Appanoose,19007
752,IA,Audubon,19009
754,IA,Benton,19011
756,IA,Black Hawk,19013
758,IA,Boone,19015
760,IA,Bremer,19017
762,IA,Buchanan,19019
764,IA,Buena Vista,19021
766,IA,Butler,19023
768,IA,Calhoun,19025
770,IA,Carroll,19027
772,IA,Cass,19029
774,IA,Cedar,19031
776,IA,Cerro Gordo,19033
778,IA,Cherokee,19035
780,IA,Chickasaw,19037
782,IA,Clarke,19039
784,IA,Clay,19041
786,IA,Clayton,19043
788,IA,Clinton,19045
790,IA,Crawford,19047
792,IA,Dallas,19049
794,IA,Davis,19051
796,IA,Decatur,19053
798,IA,Delaware,19055
800,IA,Des Moines,19057
802,IA,Dickinson,19059
804,IA,Dubuque,19061
806,IA,Emmet,19063
808,IA,Fayette,19065
810,IA,Floyd,19067
812,IA,Franklin,19069
814,IA,Fremont,19071
816,IA,Greene,19073
818,IA,Grundy,19075
820,IA,Guthrie,19077
822,IA,Hamilton,19079
824,IA,Hancock,19081
825,IA,Hardin,19083
827,IA,Harrison,19085
829,IA,Henry,19087
831,IA,Howard,19089
833,IA,Humboldt,19091
835,IA,Ida,19093
837,IA,Iowa,19095
839,IA,Jackson,19097
841,IA,Jasper,19099
843,IA,Jefferson,19101
845,IA,Johnson,19103
847,IA,Jones,19105
849,IA,Keokuk,19107
851,IA,Kossuth,19109
853,IA,Lee,19111
855,IA,Linn,19113
857,IA,Louisa,19115
859,IA,Lucas,19117
861,IA,Lyon,19119
863,IA,Madison,19121
865,IA,Mahaska,19123
867,IA,Marion,19125
869,IA,Marshall,19127
871,IA,Mills,19129
873,IA,Mitchell,19131
875,IA,Monona,19133
877,IA,Monroe,19135
879,IA,Montgomery,19137
881,IA,Muscatine,19139
883,IA,O'Brien,19141
885,IA,Osceola,19143
887,IA,Page,19145
889,IA,Palo Alto,19147
891,IA,Plymouth,19149
893,IA,Pocahontas,19151
895,IA,Polk,19153
897,IA,Pottawattamie,19155
899,IA,Poweshiek,19157
826,IA,Ringgold,19159
828,IA,Sac,19161
830,IA,Scott,19163
832,IA,Shelby,19165
834,IA,Sioux,19167
836,IA,Story,19169
838,IA,Tama,19171
840,IA,Taylor,19173
842,IA,Union,19175
844,IA,Van Buren,19177
846,IA,Wapello,19179
848,IA,Warren,19181
850,IA,Washington,19183
852,IA,Wayne,19185
854,IA,Webster,19187
856,IA,Winnebago,19189
858,IA,Winneshiek,19191
860,IA,Woodbury,19193
862,IA,Worth,19195
864,IA,Wright,19197
571,ID,Ada,16001
573,ID,Adams,16003
575,ID,Bannock,16005
577,ID,Bear Lake,16007
579,ID,Benewah,16009
581,ID,Bingham,16011
583,ID,Blaine,16013
585,ID,Boise,16015
587,ID,Bonner,16017
589,ID,Bonneville,16019
591,ID,Boundary,16021
593,ID,Butte,16023
595,ID,Camas,16025
522,ID,Canyon,16027
524,ID,Caribou,16029
526,ID,Cassia,16031
528,ID,Clark,16033
530,ID,Clearwater,16035
532,ID,Custer,16037
534,ID,Elmore,16039
536,ID,Franklin,16041
538,ID,Fremont,16043
540,ID,Gem,16045
542,ID,Gooding,16047
544,ID,Idaho,16049
546,ID,Jefferson,16051
548,ID,Jerome,16053
550,ID,Kootenai,16055
552,ID,Latah,16057
554,ID,Lemhi,16059
556,ID,Lewis,16061
558,ID,Lincoln,16063
560,ID,Madison,16065
562,ID,Minidoka,16067
564,ID,Nez Perce,16069
566,ID,Oneida,16071
568,ID,Owyhee,16073
570,ID,Payette,16075
572,ID,Power,16077
574,ID,Shoshone,16079
576,ID,Teton,16081
578,ID,Twin Falls,16083
580,ID,Valley,16085
582,ID,Washington,16087
584,IL,Adams,17001
586,IL,Alexander,17003
588,IL,Bond,17005
590,IL,Boone,17007
592,IL,Brown,17009
594,IL,Bureau,17011
596,IL,Calhoun,17013
597,IL,Carroll,17015
599,IL,Cass,17017
601,IL,Champaign,17019
603,IL,Christian,17021
605,IL,Clark,17023
607,IL,Clay,17025
609,IL,Clinton,17027
611,IL,Coles,17029
613,IL,Cook,17031
615,IL,Crawford,17033
617,IL,Cumberland,17035
621,IL,De Witt,17039
619,IL,DeKalb,17037
623,IL,Douglas,17041
625,IL,DuPage,17043
627,IL,Edgar,17045
629,IL,Edwards,17047
631,IL,Effingham,17049
633,IL,Fayette,17051
635,IL,Ford,17053
637,IL,Franklin,17055
639,IL,Fulton,17057
641,IL,Gallatin,17059
643,IL,Greene,17061
645,IL,Grundy,17063
647,IL,Hamilton,17065
649,IL,Hancock,17067
651,IL,Hardin,17069
653,IL,Henderson,17071
655,IL,Henry,17073
657,IL,Iroquois,17075
659,IL,Jackson,17077
661,IL,Jasper,17079
663,IL,Jefferson,17081
665,IL,Jersey,17083
667,IL,Jo Daviess,17085
669,IL,Johnson,17087
671,IL,Kane,17089
598,IL,Kankakee,17091
600,IL,Kendall,17093
602,IL,Knox,17095
606,IL,La Salle,17099
604,IL,Lake,17097
608,IL,Lawrence,17101
610,IL,Lee,17103
612,IL,Livingston,17105
614,IL,Logan,17107
622,IL,Macon,17115
624,IL,Macoupin,17117
626,IL,Madison,17119
628,IL,Marion,17121
630,IL,Marshall,17123
632,IL,Mason,17125
634,IL,Massac,17127
616,IL,McDonough,17109
618,IL,McHenry,17111
620,IL,McLean,17113
636,IL,Menard,17129
638,IL,Mercer,17131
640,IL,Monroe,17133
642,IL,Montgomery,17135
644,IL,Morgan,17137
646,IL,Moultrie,17139
648,IL,Ogle,17141
650,IL,Peoria,17143
652,IL,Perry,17145
654,IL,Piatt,17147
656,IL,Pike,17149
658,IL,Pope,17151
660,IL,Pulaski,17153
662,IL,Putnam,17155
664,IL,Randolph,17157
666,IL,Richland,17159
668,IL,Rock Island,17161
672,IL,Saline,17165
673,IL,Sangamon,17167
675,IL,Schuyler,17169
677,IL,Scott,17171
679,IL,Shelby,17173
670,IL,St. Clair,17163
681,IL,Stark,17175
683,IL,Stephenson,17177
685,IL,Tazewell,17179
687,IL,Union,17181
689,IL,Vermilion,17183
691,IL,Wabash,17185
693,IL,Warren,17187
695,IL,Washington,17189
697,IL,Wayne,17191
699,IL,White,17193
701,IL,Whiteside,17195
703,IL,Will,17197
705,IL,Williamson,17199
707,IL,Winnebago,17201
709,IL,Woodford,17203
711,IN,Adams,18001
713,IN,Allen,18003
715,IN,Bartholomew,18005
717,IN,Benton,18007
719,IN,Blackford,18009
721,IN,Boone,18011
723,IN,Brown,18013
725,IN,Carroll,18015
727,IN,Cass,18017
729,IN,Clark,18019
731,IN,Clay,18021
733,IN,Clinton,18023
735,IN,Crawford,18025
737,IN,Daviess,18027
743,IN,De Kalb,18033
739,IN,Dearborn,18029
741,IN,Decatur,18031
745,IN,Delaware,18035
747,IN,Dubois,18037
674,IN,Elkhart,18039
676,IN,Fayette,18041
678,IN,Floyd,18043
680,IN,Fountain,18045
682,IN,Franklin,18047
684,IN,Fulton,18049
686,IN,Gibson,18051
688,IN,Grant,18053
690,IN,Greene,18055
692,IN,Hamilton,18057
694,IN,Hancock,18059
696,IN,Harrison,18061
698,IN,Hendricks,18063
700,IN,Henry,18065
702,IN,Howard,18067
704,IN,Huntington,18069
706,IN,Jackson,18071
708,IN,Jasper,18073
710,IN,Jay,18075
712,IN,Jefferson,18077
714,IN,Jennings,18079
716,IN,Johnson,18081
718,IN,Knox,18083
720,IN,Kosciusko,18085
726,IN,La Porte,18091
722,IN,Lagrange,18087
724,IN,Lake,18089
728,IN,Lawrence,18093
730,IN,Madison,18095
732,IN,Marion,18097
734,IN,Marshall,18099
736,IN,Martin,18101
738,IN,Miami,18103
740,IN,Monroe,18105
742,IN,Montgomery,18107
744,IN,Morgan,18109
746,IN,Newton,18111
748,IN,Noble,18113
749,IN,Ohio,18115
751,IN,Orange,18117
753,IN,Owen,18119
755,IN,Parke,18121
757,IN,Perry,18123
759,IN,Pike,18125
761,IN,Porter,18127
763,IN,Posey,18129
765,IN,Pulaski,18131
767,IN,Putnam,18133
769,IN,Randolph,18135
771,IN,Ripley,18137
773,IN,Rush,18139
777,IN,Scott,18143
779,IN,Shelby,18145
781,IN,Spencer,18147
775,IN,St. Joseph,18141
783,IN,Starke,18149
785,IN,Steuben,18151
787,IN,Sullivan,18153
789,IN,Switzerland,18155
791,IN,Tippecanoe,18157
793,IN,Tipton,18159
795,IN,Union,18161
797,IN,Vanderburgh,18163
799,IN,Vermillion,18165
801,IN,Vigo,18167
803,IN,Wabash,18169
805,IN,Warren,18171
807,IN,Warrick,18173
809,IN,Washington,18175
811,IN,Wayne,18177
813,IN,Wells,18179
815,IN,White,18181
817,IN,Whitley,18183
866,KS,Allen,20001
868,KS,Anderson,20003
870,KS,Atchison,20005
872,KS,Barber,20007
874,KS,Barton,20009
876,KS,Bourbon,20011
878,KS,Brown,20013
880,KS,Butler,20015
882,KS,Chase,20017
884,KS,Chautauqua,20019
886,KS,Cherokee,20021
888,KS,Cheyenne,20023
890,KS,Clark,20025
892,KS,Clay,20027
894,KS,Cloud,20029
896,KS,Coffey,20031
898,KS,Comanche,20033
900,KS,Cowley,20035
901,KS,Crawford,20037
903,KS,Decatur,20039
905,KS,Dickinson,20041
907,KS,Doniphan,20043
909,KS,Douglas,20045
911,KS,Edwards,20047
913,KS,Elk,20049
915,KS,Ellis,20051
917,KS,Ellsworth,20053
919,KS,Finney,20055
921,KS,Ford,20057
923,KS,Franklin,20059
925,KS,Geary,20061
927,KS,Gove,20063
929,KS,Graham,20065
931,KS,Grant,20067
933,KS,Gray,20069
935,KS,Greeley,20071
937,KS,Greenwood,20073
939,KS,Hamilton,20075
941,KS,Harper,20077
943,KS,Harvey,20079
945,KS,Haskell,20081
947,KS,Hodgeman,20083
949,KS,Jackson,20085
951,KS,Jefferson,20087
953,KS,Jewell,20089
955,KS,Johnson,20091
957,KS,Kearny,20093
959,KS,Kingman,20095
961,KS,Kiowa,20097
963,KS,Labette,20099
965,KS,Lane,20101
967,KS,Leavenworth,20103
969,KS,Lincoln,20105
971,KS,Linn,20107
973,KS,Logan,20109
975,KS,Lyon,20111
904,KS,Marion,20115
906,KS,Marshall,20117
902,KS,McPherson,20113
908,KS,Meade,20119
910,KS,Miami,20121
912,KS,Mitchell,20123
914,KS,Montgomery,20125
916,KS,Morris,20127
918,KS,Morton,20129
920,KS,Nemaha,20131
922,KS,Neosho,20133
924,KS,Ness,20135
926,KS,Norton,20137
928,KS,Osage,20139
930,KS,Osborne,20141
932,KS,Ottawa,20143
934,KS,Pawnee,20145
936,KS,Phillips,20147
938,KS,Pottawatomie,20149
940,KS,Pratt,20151
942,KS,Rawlins,20153
944,KS,Reno,20155
946,KS,Republic,20157
948,KS,Rice,20159
950,KS,Riley,20161
952,KS,Rooks,20163
954,KS,Rush,20165
956,KS,Russell,20167
958,KS,Saline,20169
960,KS,Scott,20171
962,KS,Sedgwick,20173
964,KS,Seward,20175
966,KS,Shawnee,20177
968,KS,Sheridan,20179
970,KS,Sherman,20181
972,KS,Smith,20183
974,KS,Stafford,20185
976,KS,Stanton,20187
977,KS,Stevens,20189
979,KS,Sumner,20191
981,KS,Thomas,20193
983,KS,Trego,20195
985,KS,Wabaunsee,20197
987,KS,Wallace,20199
989,KS,Washington,20201
991,KS,Wichita,20203
993,KS,Wilson,20205
995,KS,Woodson,20207
997,KS,Wyandotte,20209
999,KY,Adair,21001
1001,KY,Allen,21003
1003,KY,Anderson,21005
1005,KY,Ballard,21007
1007,KY,Barren,21009
1009,KY,Bath,21011
1011,KY,Bell,21013
1013,KY,Boone,21015
1015,KY,Bourbon,21017
1017,KY,Boyd,21019
1019,KY,Boyle,21021
1021,KY,Bracken,21023
1023,KY,Breathitt,21025
1025,KY,Breckinridge,21027
1027,KY,Bullitt,21029
1029,KY,Butler,21031
1031,KY,Caldwell,21033
1033,KY,Calloway,21035
1035,KY,Campbell,21037
1037,KY,Carlisle,21039
1039,KY,Carroll,21041
1041,KY,Carter,21043
1043,KY,Casey,21045
1045,KY,Christian,21047
1047,KY,Clark,21049
1049,KY,Clay,21051
1051,KY,Clinton,21053
978,KY,Crittenden,21055
980,KY,Cumberland,21057
982,KY,Daviess,21059
984,KY,Edmonson,21061
986,KY,Elliott,21063
988,KY,Estill,21065
990,KY,Fayette,21067
992,KY,Fleming,21069
994,KY,Floyd,21071
996,KY,Franklin,21073
998,KY,Fulton,21075
1000,KY,Gallatin,21077
1002,KY,Garrard,21079
1004,KY,Grant,21081
1006,KY,Graves,21083
1008,KY,Grayson,21085
1010,KY,Green,21087
1012,KY,Greenup,21089
1014,KY,Hancock,21091
1016,KY,Hardin,21093
1018,KY,Harlan,21095
1020,KY,Harrison,21097
1022,KY,Hart,21099
1024,KY,Henderson,21101
1026,KY,Henry,21103
1028,KY,Hickman,21105
1030,KY,Hopkins,21107
1032,KY,Jackson,21109
1034,KY,Jefferson,21111
1036,KY,Jessamine,21113
1038,KY,Johnson,21115
1040,KY,Kenton,21117
1042,KY,Knott,21119
1044,KY,Knox,21121
1046,KY,Larue,21123
1048,KY,Laurel,21125
1050,KY,Lawrence,21127
1052,KY,Lee,21129
1053,KY,Leslie,21131
1055,KY,Letcher,21133
1057,KY,Lewis,21135
1059,KY,Lincoln,21137
1061,KY,Livingston,21139
1063,KY,Logan,21141
1065,KY,Lyon,21143
1073,KY,Madison,21151
1075,KY,Magoffin,21153
1077,KY,Marion,21155
1079,KY,Marshall,21157
1081,KY,Martin,21159
1083,KY,Mason,21161
1067,KY,McCracken,21145
1069,KY,McCreary,21147
1071,KY,McLean,21149
1085,KY,Meade,21163
1087,KY,Menifee,21165
1089,KY,Mercer,21167
1091,KY,Metcalfe,21169
1093,KY,Monroe,21171
1095,KY,Montgomery,21173
1097,KY,Morgan,21175
1099,KY,Muhlenberg,21177
1101,KY,Nelson,21179
1103,KY,Nicholas,21181
1105,KY,Ohio,21183
1107,KY,Oldham,21185
1109,KY,Owen,21187
1111,KY,Owsley,21189
1113,KY,Pendleton,21191
1115,KY,Perry,21193
1117,KY,Pike,21195
1119,KY,Powell,21197
1121,KY,Pulaski,21199
1123,KY,Robertson,21201
1125,KY,Rockcastle,21203
1127,KY,Rowan,21205
1054,KY,Russell,21207
1056,KY,Scott,21209
1058,KY,Shelby,21211
1060,KY,Simpson,21213
1062,KY,Spencer,21215
1064,KY,Taylor,21217
1066,KY,Todd,21219
1068,KY,Trigg,21221
1070,KY,Trimble,21223
1072,KY,Union,21225
1074,KY,Warren,21227
1076,KY,Washington,21229
1078,KY,Wayne,21231
1080,KY,Webster,21233
1082,KY,Whitley,21235
1084,KY,Wolfe,21237
1086,KY,Woodford,21239
1088,LA,Acadia,22001
1090,LA,Allen,22003
1092,LA,Ascension,22005
1094,LA,Assumption,22007
1096,LA,Avoyelles,22009
1098,LA,Beauregard,22011
1100,LA,Bienville,22013
1102,LA,Bossier,22015
1104,LA,Caddo,22017
1106,LA,Calcasieu,22019
1108,LA,Caldwell,22021
1110,LA,Cameron,22023
1112,LA,Catahoula,22025
1114,LA,Claiborne,22027
1116,LA,Concordia,22029
1118,LA,De Soto,22031
1120,LA,East Baton Rouge,22033
1122,LA,East Carroll,22035
1124,LA,East Feliciana,22037
1126,LA,Evangeline,22039
1128,LA,Franklin,22041
1129,LA,Grant,22043
1131,LA,Iberia,22045
1133,LA,Iberville,22047
1135,LA,Jackson,22049
1137,LA,Jefferson,22051
1139,LA,Jefferson Davis,22053
1145,LA,La Salle,22059
1141,LA,Lafayette,22055
1143,LA,Lafourche,22057
1147,LA,Lincoln,22061
1149,LA,Livingston,22063
1151,LA,Madison,22065
1153,LA,Morehouse,22067
1155,LA,Natchitoches,22069
1157,LA,Orleans,22071
1159,LA,Ouachita,22073
1161,LA,Plaquemines,22075
1163,LA,Pointe Coupee,22077
1165,LA,Rapides,22079
1167,LA,Red River,22081
1169,LA,Richland,22083
1171,LA,Sabine,22085
1173,LA,St. Bernard,22087
1175,LA,St. Charles,22089
1177,LA,St. Helena,22091
1179,LA,St. James,22093
1181,LA,St. John the Baptist,22095
1183,LA,St. Landry,22097
1185,LA,St. Martin,22099
1187,LA,St. Mary,22101
1189,LA,St. Tammany,22103
1191,LA,Tangipahoa,22105
1193,LA,Tensas,22107
1195,LA,Terrebonne,22109
1197,LA,Union,22111
1199,LA,Vermilion,22113
1201,LA,Vernon,22115
1203,LA,Washington,22117
1130,LA,Webster,22119
1132,LA,West Baton Rouge,22121
1134,LA,West Carroll,22123
1136,LA,West Feliciana,22125
1138,LA,Winn,22127
1219,MA,Barnstable,25001
1221,MA,Berkshire,25003
1223,MA,Bristol,25005
1225,MA,Dukes,25007
1227,MA,Essex,25009
1229,MA,Franklin,25011
1231,MA,Hampden,25013
1233,MA,Hampshire,25015
1235,MA,Middlesex,25017
1237,MA,Nantucket,25019
1239,MA,Norfolk,25021
1241,MA,Plymouth,25023
1243,MA,Suffolk,25025
1245,MA,Worcester,25027
1172,MD,Allegany,24001
1174,MD,Anne Arundel,24003
1176,MD,Baltimore,24005
1217,MD,Baltimore,24510
1178,MD,Calvert,24009
1180,MD,Caroline,24011
1182,MD,Carroll,24013
1184,MD,Cecil,24015
1186,MD,Charles,24017
1188,MD,Dorchester,24019
1190,MD,Frederick,24021
1192,MD,Garrett,24023
1194,MD,Harford,24025
1196,MD,Howard,24027
1198,MD,Kent,24029
1200,MD,Montgomery,24031
1202,MD,Prince George's,24033
1204,MD,Queen Anne's,24035
1207,MD,Somerset,24039
1205,MD,St. Mary's,24037
1209,MD,Talbot,24041
1211,MD,Washington,24043
1213,MD,Wicomico,24045
1215,MD,Worcester,24047
1140,ME,Androscoggin,23001
1142,ME,Aroostook,23003
1144,ME,Cumberland,23005
1146,ME,Franklin,23007
1148,ME,Hancock,23009
1150,ME,Kennebec,23011
1152,ME,Knox,23013
1154,ME,Lincoln,23015
1156,ME,Oxford,23017
1158,ME,Penobscot,23019
1160,ME,Piscataquis,23021
1162,ME,Sagadahoc,23023
1164,ME,Somerset,23025
1166,ME,Waldo,23027
1168,ME,Washington,23029
1170,ME,York,23031
1247,MI,Alcona,26001
1249,MI,Alger,26003
1251,MI,Allegan,26005
1253,MI,Alpena,26007
1255,MI,Antrim,26009
1257,MI,Arenac,26011
1259,MI,Baraga,26013
1261,MI,Barry,26015
1263,MI,Bay,26017
1265,MI,Benzie,26019
1267,MI,Berrien,26021
1269,MI,Branch,26023
1271,MI,Calhoun,26025
1273,MI,Cass,26027
1275,MI,Charlevoix,26029
1277,MI,Cheboygan,26031
1279,MI,Chippewa,26033
1206,MI,Clare,26035
1208,MI,Clinton,26037
1210,MI,Crawford,26039
1212,MI,Delta,26041
1214,MI,Dickinson,26043
1216,MI,Eaton,26045
1218,MI,Emmet,26047
1220,MI,Genesee,26049
1222,MI,Gladwin,26051
1224,MI,Gogebic,26053
1226,MI,Grand Traverse,26055
1228,MI,Gratiot,26057
1230,MI,Hillsdale,26059
1232,MI,Houghton,26061
1234,MI,Huron,26063
1236,MI,Ingham,26065
1238,MI,Ionia,26067
1240,MI,Iosco,26069
1242,MI,Iron,26071
1244,MI,Isabella,26073
1246,MI,Jackson,26075
1248,MI,Kalamazoo,26077
1250,MI,Kalkaska,26079
1252,MI,Kent,26081
1254,MI,Keweenaw,26083
1256,MI,Lake,26085
1258,MI,Lapeer,26087
1260,MI,Leelanau,26089
1262,MI,Lenawee,26091
1264,MI,Livingston,26093
1266,MI,Luce,26095
1268,MI,Mackinac,26097
1270,MI,Macomb,26099
1272,MI,Manistee,26101
1274,MI,Marquette,26103
1276,MI,Mason,26105
1278,MI,Mecosta,26107
1280,MI,Menominee,26109
1281,MI,Midland,26111
1283,MI,Missaukee,26113
1285,MI,Monroe,26115
1287,MI,Montcalm,26117
1289,MI,Montmorency,26119
1291,MI,Muskegon,26121
1293,MI,Newaygo,26123
1295,MI,Oakland,26125
1297,MI,Oceana,26127
1299,MI,Ogemaw,26129
1301,MI,Ontonagon,26131
1303,MI,Osceola,26133
1305,MI,Oscoda,26135
1307,MI,Otsego,26137
1309,MI,Ottawa,26139
1311,MI,Presque Isle,26141
1313,MI,Roscommon,26143
1315,MI,Saginaw,26145
1321,MI,Sanilac,26151
1323,MI,Schoolcraft,26153
1325,MI,Shiawassee,26155
1317,MI,St. Clair,26147
1319,MI,St. Joseph,26149
1327,MI,Tuscola,26157
1329,MI,Van Buren,26159
1331,MI,Washtenaw,26161
1333,MI,Wayne,26163
1335,MI,Wexford,26165
1337,MN,Aitkin,27001
1339,MN,Anoka,27003
1341,MN,Becker,27005
1343,MN,Beltrami,27007
1345,MN,Benton,27009
1347,MN,Big Stone,27011
1349,MN,Blue Earth,27013
1351,MN,Brown,27015
1353,MN,Carlton,27017
1355,MN,Carver,27019
1282,MN,Cass,27021
1284,MN,Chippewa,27023
1286,MN,Chisago,27025
1288,MN,Clay,27027
1290,MN,Clearwater,27029
1292,MN,Cook,27031
1294,MN,Cottonwood,27033
1296,MN,Crow Wing,27035
1298,MN,Dakota,27037
1300,MN,Dodge,27039
1302,MN,Douglas,27041
1304,MN,Faribault,27043
1306,MN,Fillmore,27045
1308,MN,Freeborn,27047
1310,MN,Goodhue,27049
1312,MN,Grant,27051
1314,MN,Hennepin,27053
1316,MN,Houston,27055
1318,MN,Hubbard,27057
1320,MN,Isanti,27059
1322,MN,Itasca,27061
1324,MN,Jackson,27063
1326,MN,Kanabec,27065
1328,MN,Kandiyohi,27067
1330,MN,Kittson,27069
1332,MN,Koochiching,27071
1334,MN,Lac qui Parle,27073
1336,MN,Lake,27075
1338,MN,Lake of the Woods,27077
1340,MN,Le Sueur,27079
1342,MN,Lincoln,27081
1344,MN,Lyon,27083
1348,MN,Mahnomen,27087
1350,MN,Marshall,27089
1352,MN,Martin,27091
1346,MN,McLeod,27085
1354,MN,Meeker,27093
1356,MN,Mille Lacs,27095
1357,MN,Morrison,27097
1359,MN,Mower,27099
1361,MN,Murray,27101
1363,MN,Nicollet,27103
1365,MN,Nobles,27105
1367,MN,Norman,27107
1369,MN,Olmsted,27109
1371,MN,Otter Tail,27111
1373,MN,Pennington,27113
1375,MN,Pine,27115
1377,MN,Pipestone,27117
1379,MN,Polk,27119
1381,MN,Pope,27121
1383,MN,Ramsey,27123
1385,MN,Red Lake,27125
1387,MN,Redwood,27127
1389,MN,Renville,27129
1391,MN,Rice,27131
1393,MN,Rock,27133
1395,MN,Roseau,27135
1399,MN,Scott,27139
1401,MN,Sherburne,27141
1403,MN,Sibley,27143
1397,MN,St. Louis,27137
1405,MN,Stearns,27145
1407,MN,Steele,27147
1409,MN,Stevens,27149
1411,MN,Swift,27151
1413,MN,Todd,27153
1415,MN,Traverse,27155
1417,MN,Wabasha,27157
1419,MN,Wadena,27159
1421,MN,Waseca,27161
1423,MN,Washington,27163
1425,MN,Watonwan,27165
1427,MN,Wilkin,27167
1429,MN,Winona,27169
1431,MN,Wright,27171
1358,MN,Yellow Medicine,27173
1448,MO,Adair,29001
1450,MO,Andrew,29003
1452,MO,Atchison,29005
1454,MO,Audrain,29007
1456,MO,Barry,29009
1458,MO,Barton,29011
1460,MO,Bates,29013
1462,MO,Benton,29015
1464,MO,Bollinger,29017
1466,MO,Boone,29019
1468,MO,Buchanan,29021
1470,MO,Butler,29023
1472,MO,Caldwell,29025
1474,MO,Callaway,29027
1476,MO,Camden,29029
1478,MO,Cape Girardeau,29031
1480,MO,Carroll,29033
1482,MO,Carter,29035
1484,MO,Cass,29037
1486,MO,Cedar,29039
1488,MO,Chariton,29041
1490,MO,Christian,29043
1492,MO,Clark,29045
1494,MO,Clay,29047
1496,MO,Clinton,29049
1498,MO,Cole,29051
1500,MO,Cooper,29053
1502,MO,Crawford,29055
1504,MO,Dade,29057
1506,MO,Dallas,29059
1508,MO,Daviess,29061
1509,MO,DeKalb,29063
1511,MO,Dent,29065
1513,MO,Douglas,29067
1515,MO,Dunklin,29069
1517,MO,Franklin,29071
1519,MO,Gasconade,29073
1521,MO,Gentry,29075
1523,MO,Greene,29077
1525,MO,Grundy,29079
1527,MO,Harrison,29081
1529,MO,Henry,29083
1531,MO,Hickory,29085
1533,MO,Holt,29087
1535,MO,Howard,29089
1537,MO,Howell,29091
1539,MO,Iron,29093
1541,MO,Jackson,29095
1543,MO,Jasper,29097
1545,MO,Jefferson,29099
1547,MO,Johnson,29101
1549,MO,Knox,29103
1551,MO,Laclede,29105
1553,MO,Lafayette,29107
1555,MO,Lawrence,29109
1557,MO,Lewis,29111
1559,MO,Lincoln,29113
1561,MO,Linn,29115
1563,MO,Livingston,29117
1567,MO,Macon,29121
1569,MO,Madison,29123
1571,MO,Maries,29125
1573,MO,Marion,29127
1565,MO,McDonald,29119
1575,MO,Mercer,29129
1577,MO,Miller,29131
1579,MO,Mississippi,29133
1581,MO,Moniteau,29135
1583,MO,Monroe,29137
1510,MO,Montgomery,29139
1512,MO,Morgan,29141
1514,MO,New Madrid,29143
1516,MO,Newton,29145
1518,MO,Nodaway,29147
1520,MO,Oregon,29149
1522,MO,Osage,29151
1524,MO,Ozark,29153
1526,MO,Pemiscot,29155
1528,MO,Perry,29157
1530,MO,Pettis,29159
1532,MO,Phelps,29161
1534,MO,Pike,29163
1536,MO,Platte,29165
1538,MO,Polk,29167
1540,MO,Pulaski,29169
1542,MO,Putnam,29171
1544,MO,Ralls,29173
1546,MO,Randolph,29175
1548,MO,Ray,29177
1550,MO,Reynolds,29179
1552,MO,Ripley,29181
1564,MO,Saline,29195
1566,MO,Schuyler,29197
1568,MO,Scotland,29199
1570,MO,Scott,29201
1572,MO,Shannon,29203
1574,MO,Shelby,29205
1554,MO,St. Charles,29183
1556,MO,St. Clair,29185
1560,MO,St. Francois,29187
1562,MO,St. Louis,29189
1599,MO,St. Louis,29510
1558,MO,Ste. Genevieve,29186
1576,MO,Stoddard,29207
1578,MO,Stone,29209
1580,MO,Sullivan,29211
1582,MO,Taney,29213
1584,MO,Texas,29215
1585,MO,Vernon,29217
1587,MO,Warren,29219
1589,MO,Washington,29221
1591,MO,Wayne,29223
1593,MO,Webster,29225
1595,MO,Worth,29227
1597,MO,Wright,29229
3110,MP,Northern Islands,69085
3112,MP,Rota,69100
3114,MP,Saipan,69110
3116,MP,Tinian,69120
1360,MS,Adams,28001
1362,MS,Alcorn,28003
1364,MS,Amite,28005
1366,MS,Attala,28007
1368,MS,Benton,28009
1370,MS,Bolivar,28011
1372,MS,Calhoun,28013
1374,MS,Carroll,28015
1376,MS,Chickasaw,28017
1378,MS,Choctaw,28019
1380,MS,Claiborne,28021
1382,MS,Clarke,28023
1384,MS,Clay,28025
1386,MS,Coahoma,28027
1388,MS,Copiah,28029
1390,MS,Covington,28031
1392,MS,DeSoto,28033
1394,MS,Forrest,28035
1396,MS,Franklin,28037
1398,MS,George,28039
1400,MS,Greene,28041
1402,MS,Grenada,28043
1404,MS,Hancock,28045
1406,MS,Harrison,28047
1408,MS,Hinds,28049
1410,MS,Holmes,28051
1412,MS,Humphreys,28053
1414,MS,Issaquena,28055
1416,MS,Itawamba,28057
1418,MS,Jackson,28059
1420,MS,Jasper,28061
1422,MS,Jefferson,28063
1424,MS,Jefferson Davis,28065
1426,MS,Jones,28067
1428,MS,Kemper,28069
1430,MS,Lafayette,28071
1432,MS,Lamar,28073
1433,MS,Lauderdale,28075
1435,MS,Lawrence,28077
1437,MS,Leake,28079
1439,MS,Lee,28081
1441,MS,Leflore,28083
1443,MS,Lincoln,28085
1445,MS,Lowndes,28087
1447,MS,Madison,28089
1449,MS,Marion,28091
1451,MS,Marshall,28093
1453,MS,Monroe,28095
1455,MS,Montgomery,28097
1457,MS,Neshoba,28099
1459,MS,Newton,28101
1461,MS,Noxubee,28103
1463,MS,Oktibbeha,28105
1465,MS,Panola,28107
1467,MS,Pearl River,28109
1469,MS,Perry,28111
1471,MS,Pike,28113
1473,MS,Pontotoc,28115
1475,MS,Prentiss,28117
1477,MS,Quitman,28119
1479,MS,Rankin,28121
1481,MS,Scott,28123
1483,MS,Sharkey,28125
1485,MS,Simpson,28127
1487,MS,Smith,28129
1489,MS,Stone,28131
1491,MS,Sunflower,28133
1493,MS,Tallahatchie,28135
1495,MS,Tate,28137
1497,MS,Tippah,28139
1499,MS,Tishomingo,28141
1501,MS,Tunica,28143
1503,MS,Union,28145
1505,MS,Walthall,28147
1507,MS,Warren,28149
1434,MS,Washington,28151
1436,MS,Wayne,28153
1438,MS,Webster,28155
1440,MS,Wilkinson,28157
1442,MS,Winston,28159
1444,MS,Yalobusha,28161
1446,MS,Yazoo,28163
1601,MT,Beaverhead,30001
1603,MT,Big Horn,30003
1605,MT,Blaine,30005
1607,MT,Broadwater,30007
1609,MT,Carbon,30009
1611,MT,Carter,30011
1613,MT,Cascade,30013
1615,MT,Chouteau,30015
1617,MT,Custer,30017
1619,MT,Daniels,30019
1621,MT,Dawson,30021
1623,MT,Deer Lodge,30023
1625,MT,Fallon,30025
1627,MT,Fergus,30027
1629,MT,Flathead,30029
1631,MT,Gallatin,30031
1633,MT,Garfield,30033
1635,MT,Glacier,30035
1637,MT,Golden Valley,30037
1639,MT,Granite,30039
1641,MT,Hill,30041
1643,MT,Jefferson,30043
1645,MT,Judith Basin,30045
1647,MT,Lake,30047
1649,MT,Lewis and Clark,30049
1651,MT,Liberty,30051
1653,MT,Lincoln,30053
1657,MT,Madison,30057
1655,MT,McCone,30055
1659,MT,Meagher,30059
1586,MT,Mineral,30061
1588,MT,Missoula,30063
1590,MT,Musselshell,30065
1592,MT,Park,30067
1594,MT,Petroleum,30069
1596,MT,Phillips,30071
1598,MT,Pondera,30073
1600,MT,Powder River,30075
1602,MT,Powell,30077
1604,MT,Prairie,30079
1606,MT,Ravalli,30081
1608,MT,Richland,30083
1610,MT,Roosevelt,30085
1612,MT,Rosebud,30087
1614,MT,Sanders,30089
1616,MT,Sheridan,30091
1618,MT,Silver Bow,30093
1620,MT,Stillwater,30095
1622,MT,Sweet Grass,30097
1624,MT,Teton,30099
1626,MT,Toole,30101
1628,MT,Treasure,30103
1630,MT,Valley,30105
1632,MT,Wheatland,30107
1634,MT,Wibaux,30109
1636,MT,Yellowstone,30111
1882,NC,Alamance,37001
1884,NC,Alexander,37003
1886,NC,Alleghany,37005
1888,NC,Anson,37007
1889,NC,Ashe,37009
1891,NC,Avery,37011
1893,NC,Beaufort,37013
1895,NC,Bertie,37015
1897,NC,Bladen,37017
1899,NC,Brunswick,37019
1901,NC,Buncombe,37021
1903,NC,Burke,37023
1905,NC,Cabarrus,37025
1907,NC,Caldwell,37027
1909,NC,Camden,37029
1911,NC,Carteret,37031
1913,NC,Caswell,37033
1915,NC,Catawba,37035
1917,NC,Chatham,37037
1919,NC,Cherokee,37039
1921,NC,Chowan,37041
1923,NC,Clay,37043
1925,NC,Cleveland,37045
1927,NC,Columbus,37047
1929,NC,Craven,37049
1931,NC,Cumberland,37051
1933,NC,Currituck,37053
1935,NC,Dare,37055
1937,NC,Davidson,37057
1939,NC,Davie,37059
1941,NC,Duplin,37061
1943,NC,Durham,37063
1945,NC,Edgecombe,37065
1947,NC,Forsyth,37067
1949,NC,Franklin,37069
1951,NC,Gaston,37071
1953,NC,Gates,37073
1955,NC,Graham,37075
1957,NC,Granville,37077
1959,NC,Greene,37079
1961,NC,Guilford,37081
1963,NC,Halifax,37083
1890,NC,Harnett,37085
1892,NC,Haywood,37087
1894,NC,Henderson,37089
1896,NC,Hertford,37091
1898,NC,Hoke,37093
1900,NC,Hyde,37095
1902,NC,Iredell,37097
1904,NC,Jackson,37099
1906,NC,Johnston,37101
1908,NC,Jones,37103
1910,NC,Lee,37105
1912,NC,Lenoir,37107
1914,NC,Lincoln,37109
1918,NC,Macon,37113
1920,NC,Madison,37115
1922,NC,Martin,37117
1916,NC,McDowell,37111
1924,NC,Mecklenburg,37119
1926,NC,Mitchell,37121
1928,NC,Montgomery,37123
1930,NC,Moore,37125
1932,NC,Nash,37127
1934,NC,New Hanover,37129
1936,NC,Northampton,37131
1938,NC,Onslow,37133
1940,NC,Orange,37135
1942,NC,Pamlico,37137
1944,NC,Pasquotank,37139
1946,NC,Pender,37141
1948,NC,Perquimans,37143
1950,NC,Person,37145
1952,NC,Pitt,37147
1954,NC,Polk,37149
1956,NC,Randolph,37151
1958,NC,Richmond,37153
1960,NC,Robeson,37155
1962,NC,Rockingham,37157
1964,NC,Rowan,37159
1965,NC,Rutherford,37161
1967,NC,Sampson,37163
1969,NC,Scotland,37165
1971,NC,Stanly,37167
1973,NC,Stokes,37169
1975,NC,Surry,37171
1977,NC,Swain,37173
1979,NC,Transylvania,37175
1981,NC,Tyrrell,37177
1983,NC,Union,37179
1985,NC,Vance,37181
1987,NC,Wake,37183
1989,NC,Warren,37185
1991,NC,Washington,37187
1993,NC,Watauga,37189
1995,NC,Wayne,37191
1997,NC,Wilkes,37193
1999,NC,Wilson,37195
2001,NC,Yadkin,37197
2003,NC,Yancey,37199
2005,ND,Adams,38001
2007,ND,Barnes,38003
2009,ND,Benson,38005
2011,ND,Billings,38007
2013,ND,Bottineau,38009
2015,ND,Bowman,38011
2017,ND,Burke,38013
2019,ND,Burleigh,38015
2021,ND,Cass,38017
2023,ND,Cavalier,38019
2025,ND,Dickey,38021
2027,ND,Divide,38023
2029,ND,Dunn,38025
2031,ND,Eddy,38027
2033,ND,Emmons,38029
2035,ND,Foster,38031
2037,ND,Golden Valley,38033
2039,ND,Grand Forks,38035
1966,ND,Grant,38037
1968,ND,Griggs,38039
1970,ND,Hettinger,38041
1972,ND,Kidder,38043
1974,ND,LaMoure,38045
1976,ND,Logan,38047
1978,ND,McHenry,38049
1980,ND,McIntosh,38051
1982,ND,McKenzie,38053
1984,ND,McLean,38055
1986,ND,Mercer,38057
1988,ND,Morton,38059
1990,ND,Mountrail,38061
1992,ND,Nelson,38063
1994,ND,Oliver,38065
1996,ND,Pembina,38067
1998,ND,Pierce,38069
2000,ND,Ramsey,38071
2002,ND,Ransom,38073
2004,ND,Renville,38075
2006,ND,Richland,38077
2008,ND,Rolette,38079
2010,ND,Sargent,38081
2012,ND,Sheridan,38083
2014,ND,Sioux,38085
2016,ND,Slope,38087
2018,ND,Stark,38089
2020,ND,Steele,38091
2022,ND,Stutsman,38093
2024,ND,Towner,38095
2026,ND,Traill,38097
2028,ND,Walsh,38099
2030,ND,Ward,38101
2032,ND,Wells,38103
2034,ND,Williams,38105
1638,NE,Adams,31001
1640,NE,Antelope,31003
1642,NE,Arthur,31005
1644,NE,Banner,31007
1646,NE,Blaine,31009
1648,NE,Boone,31011
1650,NE,Box Butte,31013
1652,NE,Boyd,31015
1654,NE,Brown,31017
1656,NE,Buffalo,31019
1658,NE,Burt,31021
1660,NE,Butler,31023
1661,NE,Cass,31025
1663,NE,Cedar,31027
1665,NE,Chase,31029
1667,NE,Cherry,31031
1669,NE,Cheyenne,31033
1671,NE,Clay,31035
1673,NE,Colfax,31037
1675,NE,Cuming,31039
1677,NE,Custer,31041
1679,NE,Dakota,31043
1681,NE,Dawes,31045
1683,NE,Dawson,31047
1685,NE,Deuel,31049
1687,NE,Dixon,31051
1689,NE,Dodge,31053
1691,NE,Douglas,31055
1693,NE,Dundy,31057
1695,NE,Fillmore,31059
1697,NE,Franklin,31061
1699,NE,Frontier,31063
1701,NE,Furnas,31065
1703,NE,Gage,31067
1705,NE,Garden,31069
1707,NE,Garfield,31071
1709,NE,Gosper,31073
1711,NE,Grant,31075
1713,NE,Greeley,31077
1715,NE,Hall,31079
1717,NE,Hamilton,31081
1719,NE,Harlan,31083
1721,NE,Hayes,31085
1723,NE,Hitchcock,31087
1725,NE,Holt,31089
1727,NE,Hooker,31091
1729,NE,Howard,31093
1731,NE,Jefferson,31095
1733,NE,Johnson,31097
1735,NE,Kearney,31099
1662,NE,Keith,31101
1664,NE,Keya Paha,31103
1666,NE,Kimball,31105
1668,NE,Knox,31107
1670,NE,Lancaster,31109
1672,NE,Lincoln,31111
1674,NE,Logan,31113
1676,NE,Loup,31115
1680,NE,Madison,31119
1678,NE,McPherson,31117
1682,NE,Merrick,31121
1684,NE,Morrill,31123
1686,NE,Nance,31125
1688,NE,Nemaha,31127
1690,NE,Nuckolls,31129
1692,NE,Otoe,31131
1694,NE,Pawnee,31133
1696,NE,Perkins,31135
1698,NE,Phelps,31137
1700,NE,Pierce,31139
1702,NE,Platte,31141
1704,NE,Polk,31143
1706,NE,Red Willow,31145
1708,NE,Richardson,31147
1710,NE,Rock,31149
1712,NE,Saline,31151
1714,NE,Sarpy,31153
1716,NE,Saunders,31155
1718,NE,Scotts Bluff,31157
1720,NE,Seward,31159
1722,NE,Sheridan,31161
1724,NE,Sherman,31163
1726,NE,Sioux,31165
1728,NE,Stanton,31167
1730,NE,Thayer,31169
1732,NE,Thomas,31171
1734,NE,Thurston,31173
1736,NE,Valley,31175
1737,NE,Washington,31177
1739,NE,Wayne,31179
1741,NE,Webster,31181
1743,NE,Wheeler,31183
1745,NE,York,31185
1781,NH,Belknap,33001
1783,NH,Carroll,33003
1785,NH,Cheshire,33005
1787,NH,Coos,33007
1789,NH,Grafton,33009
1791,NH,Hillsborough,33011
1793,NH,Merrimack,33013
1795,NH,Rockingham,33015
1797,NH,Strafford,33017
1799,NH,Sullivan,33019
1801,NJ,Atlantic,34001
1803,NJ,Bergen,34003
1805,NJ,Burlington,34005
1807,NJ,Camden,34007
1809,NJ,Cape May,34009
1811,NJ,Cumberland,34011
1738,NJ,Essex,34013
1740,NJ,Gloucester,34015
1742,NJ,Hudson,34017
1744,NJ,Hunterdon,34019
1746,NJ,Mercer,34021
1748,NJ,Middlesex,34023
1750,NJ,Monmouth,34025
1752,NJ,Morris,34027
1754,NJ,Ocean,34029
1756,NJ,Passaic,34031
1758,NJ,Salem,34033
1760,NJ,Somerset,34035
1762,NJ,Sussex,34037
1764,NJ,Union,34039
1766,NJ,Warren,34041
1768,NM,Bernalillo,35001
1770,NM,Catron,35003
1772,NM,Chaves,35005
1774,NM,Cibola,35006
1776,NM,Colfax,35007
1778,NM,Curry,35009
1780,NM,DeBaca,35011
1782,NM,Dona Ana,35013
1784,NM,Eddy,35015
1786,NM,Grant,35017
1788,NM,Guadalupe,35019
1790,NM,Harding,35021
1792,NM,Hidalgo,35023
1794,NM,Lea,35025
1796,NM,Lincoln,35027
1798,NM,Los Alamos,35028
1800,NM,Luna,35029
1802,NM,McKinley,35031
1804,NM,Mora,35033
1806,NM,Otero,35035
1808,NM,Quay,35037
1810,NM,Rio Arriba,35039
1812,NM,Roosevelt,35041
1815,NM,San Juan,35045
1817,NM,San Miguel,35047
1813,NM,Sandoval,35043
1819,NM,Santa Fe,35049
1821,NM,Sierra,35051
1823,NM,Socorro,35053
1825,NM,Taos,35055
1827,NM,Torrance,35057
1829,NM,Union,35059
1831,NM,Valencia,35061
1779,NV,Carson City,32510
1747,NV,Churchill,32001
1749,NV,Clark,32003
1751,NV,Douglas,32005
1753,NV,Elko,32007
1755,NV,Esmeralda,32009
1757,NV,Eureka,32011
1759,NV,Humboldt,32013
1761,NV,Lander,32015
1763,NV,Lincoln,32017
1765,NV,Lyon,32019
1767,NV,Mineral,32021
1769,NV,Nye,32023
1771,NV,Pershing,32027
1773,NV,Storey,32029
1775,NV,Washoe,32031
1777,NV,White Pine,32033
1833,NY,Albany,36001
1835,NY,Allegany,36003
1837,NY,Bronx,36005
1839,NY,Broome,36007
1841,NY,Cattaraugus,36009
1843,NY,Cayuga,36011
1845,NY,Chautauqua,36013
1847,NY,Chemung,36015
1849,NY,Chenango,36017
1851,NY,Clinton,36019
1853,NY,Columbia,36021
1855,NY,Cortland,36023
1857,NY,Delaware,36025
1859,NY,Dutchess,36027
1861,NY,Erie,36029
1863,NY,Essex,36031
1865,NY,Franklin,36033
1867,NY,Fulton,36035
1869,NY,Genesee,36037
1871,NY,Greene,36039
1873,NY,Hamilton,36041
1875,NY,Herkimer,36043
1877,NY,Jefferson,36045
1879,NY,Kings,36047
1881,NY,Lewis,36049
1883,NY,Livingston,36051
1885,NY,Madison,36053
1887,NY,Monroe,36055
1814,NY,Montgomery,36057
1816,NY,Nassau,36059
1818,NY,New York,36061
1820,NY,Niagara,36063
1822,NY,Oneida,36065
1824,NY,Onondaga,36067
1826,NY,Ontario,36069
1828,NY,Orange,36071
1830,NY,Orleans,36073
1832,NY,Oswego,36075
1834,NY,Otsego,36077
1836,NY,Putnam,36079
1838,NY,Queens,36081
1840,NY,Rensselaer,36083
1842,NY,Richmond,36085
1844,NY,Rockland,36087
1848,NY,Saratoga,36091
1850,NY,Schenectady,36093
1852,NY,Schoharie,36095
1854,NY,Schuyler,36097
1856,NY,Seneca,36099
1846,NY,St. Lawrence,36089
1858,NY,Steuben,36101
1860,NY,Suffolk,36103
1862,NY,Sullivan,36105
1864,NY,Tioga,36107
1866,NY,Tompkins,36109
1868,NY,Ulster,36111
1870,NY,Warren,36113
1872,NY,Washington,36115
1874,NY,Wayne,36117
1876,NY,Westchester,36119
1878,NY,Wyoming,36121
1880,NY,Yates,36123
2036,OH,Adams,39001
2038,OH,Allen,39003
2040,OH,Ashland,39005
2041,OH,Ashtabula,39007
2043,OH,Athens,39009
2045,OH,Auglaize,39011
2047,OH,Belmont,39013
2049,OH,Brown,39015
2051,OH,Butler,39017
2053,OH,Carroll,39019
2055,OH,Champaign,39021
2057,OH,Clark,39023
2059,OH,Clermont,39025
2061,OH,Clinton,39027
2063,OH,Columbiana,39029
2065,OH,Coshocton,39031
2067,OH,Crawford,39033
2069,OH,Cuyahoga,39035
2071,OH,Darke,39037
2073,OH,Defiance,39039
2075,OH,Delaware,39041
2077,OH,Erie,39043
2079,OH,Fairfield,39045
2081,OH,Fayette,39047
2083,OH,Franklin,39049
2085,OH,Fulton,39051
2087,OH,Gallia,39053
2089,OH,Geauga,39055
2091,OH,Greene,39057
2093,OH,Guernsey,39059
2095,OH,Hamilton,39061
2097,OH,Hancock,39063
2099,OH,Hardin,39065
2101,OH,Harrison,39067
2103,OH,Henry,39069
2105,OH,Highland,39071
2107,OH,Hocking,39073
2109,OH,Holmes,39075
2111,OH,Huron,39077
2113,OH,Jackson,39079
2115,OH,Jefferson,39081
2042,OH,Knox,39083
2044,OH,Lake,39085
2046,OH,Lawrence,39087
2048,OH,Licking,39089
2050,OH,Logan,39091
2052,OH,Lorain,39093
2054,OH,Lucas,39095
2056,OH,Madison,39097
2058,OH,Mahoning,39099
2060,OH,Marion,39101
2062,OH,Medina,39103
2064,OH,Meigs,39105
2066,OH,Mercer,39107
2068,OH,Miami,39109
2070,OH,Monroe,39111
2072,OH,Montgomery,39113
2074,OH,Morgan,39115
2076,OH,Morrow,39117
2078,OH,Muskingum,39119
2080,OH,Noble,39121
2082,OH,Ottawa,39123
2084,OH,Paulding,39125
2086,OH,Perry,39127
2088,OH,Pickaway,39129
2090,OH,Pike,39131
2092,OH,Portage,39133
2094,OH,Preble,39135
2096,OH,Putnam,39137
2098,OH,Richland,39139
2100,OH,Ross,39141
2102,OH,Sandusky,39143
2104,OH,Scioto,39145
2106,OH,Seneca,39147
2108,OH,Shelby,39149
2110,OH,Stark,39151
2112,OH,Summit,39153
2114,OH,Trumbull,39155
2116,OH,Tuscarawas,39157
2117,OH,Union,39159
2119,OH,Van Wert,39161
2121,OH,Vinton,39163
2123,OH,Warren,39165
2125,OH,Washington,39167
2127,OH,Wayne,39169
2129,OH,Williams,39171
2131,OH,Wood,39173
2133,OH,Wyandot,39175
2135,OK,Adair,40001
2137,OK,Alfalfa,40003
2139,OK,Atoka,40005
2141,OK,Beaver,40007
2143,OK,Beckham,40009
2145,OK,Blaine,40011
2147,OK,Bryan,40013
2149,OK,Caddo,40015
2151,OK,Canadian,40017
2153,OK,Carter,40019
2155,OK,Cherokee,40021
2157,OK,Choctaw,40023
2159,OK,Cimarron,40025
2161,OK,Cleveland,40027
2163,OK,Coal,40029
2165,OK,Comanche,40031
2167,OK,Cotton,40033
2169,OK,Craig,40035
2171,OK,Creek,40037
2173,OK,Custer,40039
2175,OK,Delaware,40041
2177,OK,Dewey,40043
2179,OK,Ellis,40045
2181,OK,Garfield,40047
2183,OK,Garvin,40049
2185,OK,Grady,40051
2187,OK,Grant,40053
2189,OK,Greer,40055
2191,OK,Harmon,40057
2118,OK,Harper,40059
2120,OK,Haskell,40061
2122,OK,Hughes,40063
2124,OK,Jackson,40065
2126,OK,Jefferson,40067
2128,OK,Johnston,40069
2130,OK,Kay,40071
2132,OK,Kingfisher,40073
2134,OK,Kiowa,40075
2136,OK,Latimer,40077
2138,OK,Le Flore,40079
2140,OK,Lincoln,40081
2142,OK,Logan,40083
2144,OK,Love,40085
2152,OK,Major,40093
2154,OK,Marshall,40095
2156,OK,Mayes,40097
2146,OK,McClain,40087
2148,OK,McCurtain,40089
2150,OK,McIntosh,40091
2158,OK,Murray,40099
2160,OK,Muskogee,40101
2162,OK,Noble,40103
2164,OK,Nowata,40105
2166,OK,Okfuskee,40107
2168,OK,Oklahoma,40109
2170,OK,Okmulgee,40111
2172,OK,Osage,40113
2174,OK,Ottawa,40115
2176,OK,Pawnee,40117
2178,OK,Payne,40119
2180,OK,Pittsburg,40121
2182,OK,Pontotoc,40123
2184,OK,Pottawatomie,40125
2186,OK,Pushmataha,40127
2188,OK,Roger Mills,40129
2190,OK,Rogers,40131
2192,OK,Seminole,40133
2193,OK,Sequoyah,40135
2195,OK,Stephens,40137
2197,OK,Texas,40139
2199,OK,Tillman,40141
2201,OK,Tulsa,40143
2203,OK,Wagoner,40145
2205,OK,Washington,40147
2207,OK,Washita,40149
2209,OK,Woods,40151
2211,OK,Woodward,40153
2213,OR,Baker,41001
2215,OR,Benton,41003
2217,OR,Clackamas,41005
2219,OR,Clatsop,41007
2221,OR,Columbia,41009
2223,OR,Coos,41011
2225,OR,Crook,41013
2227,OR,Curry,41015
2229,OR,Deschutes,41017
2231,OR,Douglas,41019
2233,OR,Gilliam,41021
2235,OR,Grant,41023
2237,OR,Harney,41025
2239,OR,Hood River,41027
2241,OR,Jackson,41029
2243,OR,Jefferson,41031
2245,OR,Josephine,41033
2247,OR,Klamath,41035
2249,OR,Lake,41037
2251,OR,Lane,41039
2253,OR,Lincoln,41041
2255,OR,Linn,41043
2257,OR,Malheur,41045
2259,OR,Marion,41047
2261,OR,Morrow,41049
2263,OR,Multnomah,41051
2265,OR,Polk,41053
2267,OR,Sherman,41055
2194,OR,Tillamook,41057
2196,OR,Umatilla,41059
2198,OR,Union,41061
2200,OR,Wallowa,41063
2202,OR,Wasco,41065
2204,OR,Washington,41067
2206,OR,Wheeler,41069
2208,OR,Yamhill,41071
2210,PA,Adams,42001
2212,PA,Allegheny,42003
2214,PA,Armstrong,42005
2216,PA,Beaver,42007
2218,PA,Bedford,42009
2220,PA,Berks,42011
2222,PA,Blair,42013
2224,PA,Bradford,42015
2226,PA,Bucks,42017
2228,PA,Butler,42019
2230,PA,Cambria,42021
2232,PA,Cameron,42023
2234,PA,Carbon,42025
2236,PA,Centre,42027
2238,PA,Chester,42029
2240,PA,Clarion,42031
2242,PA,Clearfield,42033
2244,PA,Clinton,42035
2246,PA,Columbia,42037
2248,PA,Crawford,42039
2250,PA,Cumberland,42041
2252,PA,Dauphin,42043
2254,PA,Delaware,42045
2256,PA,Elk,42047
2258,PA,Erie,42049
2260,PA,Fayette,42051
2262,PA,Forest,42053
2264,PA,Franklin,42055
2266,PA,Fulton,42057
2268,PA,Greene,42059
2269,PA,Huntingdon,42061
2271,PA,Indiana,42063
2273,PA,Jefferson,42065
2275,PA,Juniata,42067
2277,PA,Lackawanna,42069
2279,PA,Lancaster,42071
2281,PA,Lawrence,42073
2283,PA,Lebanon,42075
2285,PA,Lehigh,42077
2287,PA,Luzerne,42079
2289,PA,Lycoming,42081
2291,PA,McKean,42083
2293,PA,Mercer,42085
2295,PA,Mifflin,42087
2297,PA,Monroe,42089
2299,PA,Montgomery,42091
2301,PA,Montour,42093
2303,PA,Northampton,42095
2305,PA,Northumberland,42097
2307,PA,Perry,42099
2309,PA,Philadelphia,42101
2311,PA,Pike,42103
2313,PA,Potter,42105
2315,PA,Schuylkill,42107
2317,PA,Snyder,42109
2319,PA,Somerset,42111
2321,PA,Sullivan,42113
2323,PA,Susquehanna,42115
2325,PA,Tioga,42117
2327,PA,Union,42119
2329,PA,Venango,42121
2331,PA,Warren,42123
2333,PA,Washington,42125
2335,PA,Wayne,42127
2337,PA,Westmoreland,42129
2339,PA,Wyoming,42131
2341,PA,York,42133
3118,PR,Adjuntas,72001
3120,PR,Aguada,72003
3122,PR,Aguadilla,72005
3124,PR,Aguas Buenas,72007
3126,PR,Aibonito,72009
3130,PR,Arecibo,72013
3132,PR,Arroyo,72015
3128,PR,AÃ±asco,72011
3134,PR,Barceloneta,72017
3136,PR,Barranquitas,72019
3138,PR,BayamÃ³n,72021
3140,PR,Cabo Rojo,72023
3142,PR,Caguas,72025
3144,PR,Camuy,72027
3146,PR,CanÃ³vanas,72029
3148,PR,Carolina,72031
3150,PR,CataÃ±o,72033
3152,PR,Cayey,72035
3154,PR,Ceiba,72037
3156,PR,Ciales,72039
3158,PR,Cidra,72041
3160,PR,Coamo,72043
3162,PR,ComerÃ­o,72045
3164,PR,Corozal,72047
3166,PR,Culebra,72049
3168,PR,Dorado,72051
3170,PR,Fajardo,72053
3172,PR,Florida,72054
3176,PR,Guayama,72057
3178,PR,Guayanilla,72059
3180,PR,Guaynabo,72061
3174,PR,GuÃ¡nica,72055
2343,RI,Bristol,44001
2270,RI,Kent,44003
2272,RI,Newport,44005
2274,RI,Providence,44007
2276,RI,Washington,44009
2278,SC,Abbeville,45001
2280,SC,Aiken,45003
2282,SC,Allendale,45005
2284,SC,Anderson,45007
2286,SC,Bamberg,45009
2288,SC,Barnwell,45011
2290,SC,Beaufort,45013
2292,SC,Berkeley,45015
2294,SC,Calhoun,45017
2296,SC,Charleston,45019
2298,SC,Cherokee,45021
2300,SC,Chester,45023
2302,SC,Chesterfield,45025
2304,SC,Clarendon,45027
2306,SC,Colleton,45029
2308,SC,Darlington,45031
2310,SC,Dillon,45033
2312,SC,Dorchester,45035
2314,SC,Edgefield,45037
2316,SC,Fairfield,45039
2318,SC,Florence,45041
2320,SC,Georgetown,45043
2322,SC,Greenville,45045
2324,SC,Greenwood,45047
2326,SC,Hampton,45049
2328,SC,Horry,45051
2330,SC,Jasper,45053
2332,SC,Kershaw,45055
2334,SC,Lancaster,45057
2336,SC,Laurens,45059
2338,SC,Lee,45061
2340,SC,Lexington,45063
2344,SC,Marion,45067
2345,SC,Marlboro,45069
2342,SC,McCormick,45065
2347,SC,Newberry,45071
2349,SC,Oconee,45073
2351,SC,Orangeburg,45075
2353,SC,Pickens,45077
2355,SC,Richland,45079
2357,SC,Saluda,45081
2359,SC,Spartanburg,45083
2361,SC,Sumter,45085
2363,SC,Union,45087
2365,SC,Williamsburg,45089
2367,SC,York,45091
2369,SD,Aurora,46003
2371,SD,Beadle,46005
2373,SD,Bennett,46007
2375,SD,Bon Homme,46009
2377,SD,Brookings,46011
2379,SD,Brown,46013
2381,SD,Brule,46015
2383,SD,Buffalo,46017
2385,SD,Butte,46019
2387,SD,Campbell,46021
2389,SD,Charles Mix,46023
2391,SD,Clark,46025
2393,SD,Clay,46027
2395,SD,Codington,46029
2397,SD,Corson,46031
2399,SD,Custer,46033
2401,SD,Davison,46035
2403,SD,Day,46037
2405,SD,Deuel,46039
2407,SD,Dewey,46041
2409,SD,Douglas,46043
2411,SD,Edmunds,46045
2413,SD,Fall River,46047
2415,SD,Faulk,46049
2417,SD,Grant,46051
2419,SD,Gregory,46053
2346,SD,Haakon,46055
2348,SD,Hamlin,46057
2350,SD,Hand,46059
2352,SD,Hanson,46061
2354,SD,Harding,46063
2356,SD,Hughes,46065
2358,SD,Hutchinson,46067
2360,SD,Hyde,46069
2362,SD,Jackson,46071
2364,SD,Jerauld,46073
2366,SD,Jones,46075
2368,SD,Kingsbury,46077
2370,SD,Lake,46079
2372,SD,Lawrence,46081
2374,SD,Lincoln,46083
2376,SD,Lyman,46085
2382,SD,Marshall,46091
2378,SD,McCook,46087
2380,SD,McPherson,46089
2384,SD,Meade,46093
2386,SD,Mellette,46095
2388,SD,Miner,46097
2390,SD,Minnehaha,46099
2392,SD,Moody,46101
2394,SD,Pennington,46103
2396,SD,Perkins,46105
2398,SD,Potter,46107
2400,SD,Roberts,46109
2402,SD,Sanborn,46111
2404,SD,Shannon,46113
2406,SD,Spink,46115
2408,SD,Stanley,46117
2410,SD,Sully,46119
2412,SD,Todd,46121
2414,SD,Tripp,46123
2416,SD,Turner,46125
2418,SD,Union,46127
2420,SD,Walworth,46129
2421,SD,Yankton,46135
2423,SD,Ziebach,46137
2425,TN,Anderson,47001
2427,TN,Bedford,47003
2429,TN,Benton,47005
2431,TN,Bledsoe,47007
2433,TN,Blount,47009
2435,TN,Bradley,47011
2437,TN,Campbell,47013
2439,TN,Cannon,47015
2441,TN,Carroll,47017
2443,TN,Carter,47019
2445,TN,Cheatham,47021
2447,TN,Chester,47023
2449,TN,Claiborne,47025
2451,TN,Clay,47027
2453,TN,Cocke,47029
2455,TN,Coffee,47031
2457,TN,Crockett,47033
2459,TN,Cumberland,47035
2461,TN,Davidson,47037
2465,TN,DeKalb,47041
2463,TN,Decatur,47039
2467,TN,Dickson,47043
2469,TN,Dyer,47045
2471,TN,Fayette,47047
2473,TN,Fentress,47049
2475,TN,Franklin,47051
2477,TN,Gibson,47053
2479,TN,Giles,47055
2481,TN,Grainger,47057
2483,TN,Greene,47059
2485,TN,Grundy,47061
2487,TN,Hamblen,47063
2489,TN,Hamilton,47065
2491,TN,Hancock,47067
2493,TN,Hardeman,47069
2495,TN,Hardin,47071
2422,TN,Hawkins,47073
2424,TN,Haywood,47075
2426,TN,Henderson,47077
2428,TN,Henry,47079
2430,TN,Hickman,47081
2432,TN,Houston,47083
2434,TN,Humphreys,47085
2436,TN,Jackson,47087
2438,TN,Jefferson,47089
2440,TN,Johnson,47091
2442,TN,Knox,47093
2444,TN,Lake,47095
2446,TN,Lauderdale,47097
2448,TN,Lawrence,47099
2450,TN,Lewis,47101
2452,TN,Lincoln,47103
2454,TN,Loudon,47105
2460,TN,Macon,47111
2462,TN,Madison,47113
2464,TN,Marion,47115
2466,TN,Marshall,47117
2468,TN,Maury,47119
2456,TN,McMinn,47107
2458,TN,McNairy,47109
2470,TN,Meigs,47121
2472,TN,Monroe,47123
2474,TN,Montgomery,47125
2476,TN,Moore,47127
2478,TN,Morgan,47129
2480,TN,Obion,47131
2482,TN,Overton,47133
2484,TN,Perry,47135
2486,TN,Pickett,47137
2488,TN,Polk,47139
2490,TN,Putnam,47141
2492,TN,Rhea,47143
2494,TN,Roane,47145
2496,TN,Robertson,47147
2497,TN,Rutherford,47149
2499,TN,Scott,47151
2501,TN,Sequatchie,47153
2503,TN,Sevier,47155
2505,TN,Shelby,47157
2507,TN,Smith,47159
2509,TN,Stewart,47161
2511,TN,Sullivan,47163
2513,TN,Sumner,47165
2515,TN,Tipton,47167
2517,TN,Trousdale,47169
2519,TN,Unicoi,47171
2521,TN,Union,47173
2523,TN,Van Buren,47175
2525,TN,Warren,47177
2527,TN,Washington,47179
2529,TN,Wayne,47181
2531,TN,Weakley,47183
2533,TN,White,47185
2535,TN,Williamson,47187
2537,TN,Wilson,47189
2539,TX,Anderson,48001
2541,TX,Andrews,48003
2543,TX,Angelina,48005
2545,TX,Aransas,48007
2547,TX,Archer,48009
2549,TX,Armstrong,48011
2551,TX,Atascosa,48013
2553,TX,Austin,48015
2555,TX,Bailey,48017
2557,TX,Bandera,48019
2559,TX,Bastrop,48021
2561,TX,Baylor,48023
2563,TX,Bee,48025
2565,TX,Bell,48027
2567,TX,Bexar,48029
2569,TX,Blanco,48031
2571,TX,Borden,48033
2498,TX,Bosque,48035
2500,TX,Bowie,48037
2502,TX,Brazoria,48039
2504,TX,Brazos,48041
2506,TX,Brewster,48043
2508,TX,Briscoe,48045
2510,TX,Brooks,48047
2512,TX,Brown,48049
2514,TX,Burleson,48051
2516,TX,Burnet,48053
2518,TX,Caldwell,48055
2520,TX,Calhoun,48057
2522,TX,Callahan,48059
2524,TX,Cameron,48061
2526,TX,Camp,48063
2528,TX,Carson,48065
2530,TX,Cass,48067
2532,TX,Castro,48069
2534,TX,Chambers,48071
2536,TX,Cherokee,48073
2538,TX,Childress,48075
2540,TX,Clay,48077
2542,TX,Cochran,48079
2544,TX,Coke,48081
2546,TX,Coleman,48083
2548,TX,Collin,48085
2550,TX,Collingsworth,48087
2552,TX,Colorado,48089
2554,TX,Comal,48091
2556,TX,Comanche,48093
2558,TX,Concho,48095
2560,TX,Cooke,48097
2562,TX,Coryell,48099
2564,TX,Cottle,48101
2566,TX,Crane,48103
2568,TX,Crockett,48105
2570,TX,Crosby,48107
2572,TX,Culberson,48109
2573,TX,Dallam,48111
2575,TX,Dallas,48113
2577,TX,Dawson,48115
2585,TX,DeWitt,48123
2579,TX,Deaf Smith,48117
2581,TX,Delta,48119
2583,TX,Denton,48121
2587,TX,Dickens,48125
2589,TX,Dimmit,48127
2591,TX,Donley,48129
2593,TX,Duval,48131
2595,TX,Eastland,48133
2597,TX,Ector,48135
2599,TX,Edwards,48137
2603,TX,El Paso,48141
2601,TX,Ellis,48139
2605,TX,Erath,48143
2607,TX,Falls,48145
2609,TX,Fannin,48147
2611,TX,Fayette,48149
2613,TX,Fisher,48151
2615,TX,Floyd,48153
2617,TX,Foard,48155
2619,TX,Fort Bend,48157
2621,TX,Franklin,48159
2623,TX,Freestone,48161
2625,TX,Frio,48163
2627,TX,Gaines,48165
2629,TX,Galveston,48167
2631,TX,Garza,48169
2633,TX,Gillespie,48171
2635,TX,Glasscock,48173
2637,TX,Goliad,48175
2639,TX,Gonzales,48177
2641,TX,Gray,48179
2643,TX,Grayson,48181
2645,TX,Gregg,48183
2647,TX,Grimes,48185
2574,TX,Guadalupe,48187
2576,TX,Hale,48189
2578,TX,Hall,48191
2580,TX,Hamilton,48193
2582,TX,Hansford,48195
2584,TX,Hardeman,48197
2586,TX,Hardin,48199
2588,TX,Harris,48201
2590,TX,Harrison,48203
2592,TX,Hartley,48205
2594,TX,Haskell,48207
2596,TX,Hays,48209
2598,TX,Hemphill,48211
2600,TX,Henderson,48213
2602,TX,Hidalgo,48215
2604,TX,Hill,48217
2606,TX,Hockley,48219
2608,TX,Hood,48221
2610,TX,Hopkins,48223
2612,TX,Houston,48225
2614,TX,Howard,48227
2616,TX,Hudspeth,48229
2618,TX,Hunt,48231
2620,TX,Hutchinson,48233
2622,TX,Irion,48235
2624,TX,Jack,48237
2626,TX,Jackson,48239
2628,TX,Jasper,48241
2630,TX,Jeff Davis,48243
2632,TX,Jefferson,48245
2634,TX,Jim Hogg,48247
2636,TX,Jim Wells,48249
2638,TX,Johnson,48251
2640,TX,Jones,48253
2642,TX,Karnes,48255
2644,TX,Kaufman,48257
2646,TX,Kendall,48259
2648,TX,Kenedy,48261
2649,TX,Kent,48263
2651,TX,Kerr,48265
2653,TX,Kimble,48267
2655,TX,King,48269
2657,TX,Kinney,48271
2659,TX,Kleberg,48273
2661,TX,Knox,48275
2669,TX,La Salle,48283
2663,TX,Lamar,48277
2665,TX,Lamb,48279
2667,TX,Lampasas,48281
2671,TX,Lavaca,48285
2673,TX,Lee,48287
2675,TX,Leon,48289
2677,TX,Liberty,48291
2679,TX,Limestone,48293
2681,TX,Lipscomb,48295
2683,TX,Live Oak,48297
2685,TX,Llano,48299
2687,TX,Loving,48301
2689,TX,Lubbock,48303
2691,TX,Lynn,48305
2699,TX,Madison,48313
2701,TX,Marion,48315
2703,TX,Martin,48317
2705,TX,Mason,48319
2707,TX,Matagorda,48321
2709,TX,Maverick,48323
2693,TX,McCulloch,48307
2695,TX,McLennan,48309
2697,TX,McMullen,48311
2711,TX,Medina,48325
2713,TX,Menard,48327
2715,TX,Midland,48329
2717,TX,Milam,48331
2719,TX,Mills,48333
2721,TX,Mitchell,48335
2723,TX,Montague,48337
2650,TX,Montgomery,48339
2652,TX,Moore,48341
2654,TX,Morris,48343
2656,TX,Motley,48345
2658,TX,Nacogdoches,48347
2660,TX,Navarro,48349
2662,TX,Newton,48351
2664,TX,Nolan,48353
2666,TX,Nueces,48355
2668,TX,Ochiltree,48357
2670,TX,Oldham,48359
2672,TX,Orange,48361
2674,TX,Palo Pinto,48363
2676,TX,Panola,48365
2678,TX,Parker,48367
2680,TX,Parmer,48369
2682,TX,Pecos,48371
2684,TX,Polk,48373
2686,TX,Potter,48375
2688,TX,Presidio,48377
2690,TX,Rains,48379
2692,TX,Randall,48381
2694,TX,Reagan,48383
2696,TX,Real,48385
2698,TX,Red River,48387
2700,TX,Reeves,48389
2702,TX,Refugio,48391
2704,TX,Roberts,48393
2706,TX,Robertson,48395
2708,TX,Rockwall,48397
2710,TX,Runnels,48399
2712,TX,Rusk,48401
2714,TX,Sabine,48403
2716,TX,San Augustine,48405
2718,TX,San Jacinto,48407
2720,TX,San Patricio,48409
2722,TX,San Saba,48411
2724,TX,Schleicher,48413
2725,TX,Scurry,48415
2727,TX,Shackelford,48417
2729,TX,Shelby,48419
2731,TX,Sherman,48421
2733,TX,Smith,48423
2735,TX,Somervell,48425
2737,TX,Starr,48427
2739,TX,Stephens,48429
2741,TX,Sterling,48431
2743,TX,Stonewall,48433
2745,TX,Sutton,48435
2747,TX,Swisher,48437
2749,TX,Tarrant,48439
2751,TX,Taylor,48441
2753,TX,Terrell,48443
2755,TX,Terry,48445
2757,TX,Throckmorton,48447
2759,TX,Titus,48449
2761,TX,Tom Green,48451
2763,TX,Travis,48453
2765,TX,Trinity,48455
2767,TX,Tyler,48457
2769,TX,Upshur,48459
2771,TX,Upton,48461
2773,TX,Uvalde,48463
2775,TX,Val Verde,48465
2777,TX,Van Zandt,48467
2779,TX,Victoria,48469
2781,TX,Walker,48471
2783,TX,Waller,48473
2785,TX,Ward,48475
2787,TX,Washington,48477
2789,TX,Webb,48479
2791,TX,Wharton,48481
2793,TX,Wheeler,48483
2795,TX,Wichita,48485
2797,TX,Wilbarger,48487
2799,TX,Willacy,48489
2726,TX,Williamson,48491
2728,TX,Wilson,48493
2730,TX,Winkler,48495
2732,TX,Wise,48497
2734,TX,Wood,48499
2736,TX,Yoakum,48501
2738,TX,Young,48503
2740,TX,Zapata,48505
2742,TX,Zavala,48507
2744,UT,Beaver,49001
2746,UT,Box Elder,49003
2748,UT,Cache,49005
2750,UT,Carbon,49007
2752,UT,Daggett,49009
2754,UT,Davis,49011
2756,UT,Duchesne,49013
2758,UT,Emery,49015
2760,UT,Garfield,49017
2762,UT,Grand,49019
2764,UT,Iron,49021
2766,UT,Juab,49023
2768,UT,Kane,49025
2770,UT,Millard,49027
2772,UT,Morgan,49029
2774,UT,Piute,49031
2776,UT,Rich,49033
2778,UT,Salt Lake,49035
2780,UT,San Juan,49037
2782,UT,Sanpete,49039
2784,UT,Sevier,49041
2786,UT,Summit,49043
2788,UT,Tooele,49045
2790,UT,Uintah,49047
2792,UT,Utah,49049
2794,UT,Wasatch,49051
2796,UT,Washington,49053
2798,UT,Wayne,49055
2800,UT,Weber,49057
2829,VA,Accomack,51001
2831,VA,Albemarle,51003
2943,VA,Alexandria,51510
2833,VA,Alleghany,51005
2835,VA,Amelia,51007
2837,VA,Amherst,51009
2839,VA,Appomattox,51011
2841,VA,Arlington,51013
2843,VA,Augusta,51015
2845,VA,Bath,51017
2847,VA,Bedford,51019
2945,VA,Bedford,51515
2849,VA,Bland,51021
2851,VA,Botetourt,51023
2947,VA,Bristol,51520
2853,VA,Brunswick,51025
2855,VA,Buchanan,51027
2857,VA,Buckingham,51029
2949,VA,Buena Vista,51530
2859,VA,Campbell,51031
2861,VA,Caroline,51033
2863,VA,Carroll,51035
2865,VA,Charles City,51036
2867,VA,Charlotte,51037
2951,VA,Charlottesville,51540
2878,VA,Chesapeake,51550
2869,VA,Chesterfield,51041
2871,VA,Clarke,51043
2880,VA,Clifton Forge,51560
2882,VA,Colonial Heights,51570
2884,VA,Covington,51580
2873,VA,Craig,51045
2875,VA,Culpeper,51047
2802,VA,Cumberland,51049
2886,VA,Danville,51590
2804,VA,Dickenson,51051
2806,VA,Dinwiddie,51053
2888,VA,Emporia,51595
2808,VA,Essex,51057
2810,VA,Fairfax,51059
2890,VA,Fairfax,51600
2892,VA,Falls Church,51610
2812,VA,Fauquier,51061
2814,VA,Floyd,51063
2816,VA,Fluvanna,51065
2818,VA,Franklin,51067
2894,VA,Franklin,51620
2820,VA,Frederick,51069
2896,VA,Fredericksburg,51630
2898,VA,Galax,51640
2822,VA,Giles,51071
2824,VA,Gloucester,51073
2826,VA,Goochland,51075
2828,VA,Grayson,51077
2830,VA,Greene,51079
2832,VA,Greensville,51081
2834,VA,Halifax,51083
2900,VA,Hampton,51650
2836,VA,Hanover,51085
2902,VA,Harrisonburg,51660
2838,VA,Henrico,51087
2840,VA,Henry,51089
2842,VA,Highland,51091
2904,VA,Hopewell,51670
2844,VA,Isle of Wight,51093
2846,VA,James City,51095
2850,VA,King George,51099
2852,VA,King William,51101
2848,VA,King and Queen,51097
2854,VA,Lancaster,51103
2856,VA,Lee,51105
2906,VA,Lexington,51678
2858,VA,Loudoun,51107
2860,VA,Louisa,51109
2862,VA,Lunenburg,51111
2908,VA,Lynchburg,51680
2864,VA,Madison,51113
2910,VA,Manassas,51683
2912,VA,Manassas Park,51685
2914,VA,Martinsville,51690
2866,VA,Mathews,51115
2868,VA,Mecklenburg,51117
2870,VA,Middlesex,51119
2872,VA,Montgomery,51121
2874,VA,Nelson,51125
2876,VA,New Kent,51127
2916,VA,Newport News,51700
2918,VA,Norfolk,51710
2877,VA,Northampton,51131
2879,VA,Northumberland,51133
2920,VA,Norton,51720
2881,VA,Nottoway,51135
2883,VA,Orange,51137
2885,VA,Page,51139
2887,VA,Patrick,51141
2922,VA,Petersburg,51730
2889,VA,Pittsylvania,51143
2924,VA,Poquoson,51735
2926,VA,Portsmouth,51740
2891,VA,Powhatan,51145
2893,VA,Prince Edward,51147
2895,VA,Prince George,51149
2897,VA,Prince William,51153
2899,VA,Pulaski,51155
2928,VA,Radford,51750
2901,VA,Rappahannock,51157
2903,VA,Richmond,51159
2930,VA,Richmond,51760
2905,VA,Roanoke,51161
2932,VA,Roanoke,51770
2907,VA,Rockbridge,51163
2909,VA,Rockingham,51165
2911,VA,Russell,51167
2934,VA,Salem,51775
2913,VA,Scott,51169
2915,VA,Shenandoah,51171
2917,VA,Smyth,51173
2919,VA,Southampton,51175
2921,VA,Spotsylvania,51177
2923,VA,Stafford,51179
2936,VA,Staunton,51790
2938,VA,Suffolk,51800
2925,VA,Surry,51181
2927,VA,Sussex,51183
2929,VA,Tazewell,51185
2940,VA,Virginia Beach,51810
2931,VA,Warren,51187
2933,VA,Washington,51191
2942,VA,Waynesboro,51820
2935,VA,Westmoreland,51193
2944,VA,Williamsburg,51830
2946,VA,Winchester,51840
2937,VA,Wise,51195
2939,VA,Wythe,51197
2941,VA,York,51199
2801,VT,Addison,50001
2803,VT,Bennington,50003
2805,VT,Caledonia,50005
2807,VT,Chittenden,50007
2809,VT,Essex,50009
2811,VT,Franklin,50011
2813,VT,Grand Isle,50013
2815,VT,Lamoille,50015
2817,VT,Orange,50017
2819,VT,Orleans,50019
2821,VT,Rutland,50021
2823,VT,Washington,50023
2825,VT,Windham,50025
2827,VT,Windsor,50027
2948,WA,Adams,53001
2950,WA,Asotin,53003
2952,WA,Benton,53005
2953,WA,Chelan,53007
2955,WA,Clallam,53009
2957,WA,Clark,53011
2959,WA,Columbia,53013
2961,WA,Cowlitz,53015
2963,WA,Douglas,53017
2965,WA,Ferry,53019
2967,WA,Franklin,53021
2969,WA,Garfield,53023
2971,WA,Grant,53025
2973,WA,Grays Harbor,53027
2975,WA,Island,53029
2977,WA,Jefferson,53031
2979,WA,King,53033
2981,WA,Kitsap,53035
2983,WA,Kittitas,53037
2985,WA,Klickitat,53039
2987,WA,Lewis,53041
2989,WA,Lincoln,53043
2991,WA,Mason,53045
2993,WA,Okanogan,53047
2995,WA,Pacific,53049
2997,WA,Pend Oreille,53051
2999,WA,Pierce,53053
3001,WA,San Juan,53055
3003,WA,Skagit,53057
3005,WA,Skamania,53059
3007,WA,Snohomish,53061
3009,WA,Spokane,53063
3011,WA,Stevens,53065
3013,WA,Thurston,53067
3015,WA,Wahkiakum,53069
3017,WA,Walla Walla,53071
3019,WA,Whatcom,53073
3021,WA,Whitman,53075
3023,WA,Yakima,53077
3059,WI,Adams,55001
3061,WI,Ashland,55003
3063,WI,Barron,55005
3065,WI,Bayfield,55007
3067,WI,Brown,55009
3069,WI,Buffalo,55011
3071,WI,Burnett,55013
3073,WI,Calumet,55015
3075,WI,Chippewa,55017
3077,WI,Clark,55019
3079,WI,Columbia,55021
3081,WI,Crawford,55023
3083,WI,Dane,55025
3085,WI,Dodge,55027
3087,WI,Door,55029
3089,WI,Douglas,55031
3091,WI,Dunn,55033
3093,WI,Eau Claire,55035
3095,WI,Florence,55037
3097,WI,Fond du Lac,55039
3099,WI,Forest,55041
3101,WI,Grant,55043
3103,WI,Green,55045
3030,WI,Green Lake,55047
3032,WI,Iowa,55049
3034,WI,Iron,55051
3036,WI,Jackson,55053
3038,WI,Jefferson,55055
3040,WI,Juneau,55057
3042,WI,Kenosha,55059
3044,WI,Kewaunee,55061
3046,WI,La Crosse,55063
3048,WI,Lafayette,55065
3050,WI,Langlade,55067
3052,WI,Lincoln,55069
3054,WI,Manitowoc,55071
3056,WI,Marathon,55073
3058,WI,Marinette,55075
3060,WI,Marquette,55077
3062,WI,Menominee,55078
3064,WI,Milwaukee,55079
3066,WI,Monroe,55081
3068,WI,Oconto,55083
3070,WI,Oneida,55085
3072,WI,Outagamie,55087
3074,WI,Ozaukee,55089
3076,WI,Pepin,55091
3078,WI,Pierce,55093
3080,WI,Polk,55095
3082,WI,Portage,55097
3084,WI,Price,55099
3086,WI,Racine,55101
3088,WI,Richland,55103
3090,WI,Rock,55105
3092,WI,Rusk,55107
3096,WI,Sauk,55111
3098,WI,Sawyer,55113
3100,WI,Shawano,55115
3102,WI,Sheboygan,55117
3094,WI,St. Croix,55109
3104,WI,Taylor,55119
3105,WI,Trempealeau,55121
3107,WI,Vernon,55123
3109,WI,Vilas,55125
3111,WI,Walworth,55127
3113,WI,Washburn,55129
3115,WI,Washington,55131
3117,WI,Waukesha,55133
3119,WI,Waupaca,55135
3121,WI,Waushara,55137
3123,WI,Winnebago,55139
3125,WI,Wood,55141
3025,WV,Barbour,54001
3027,WV,Berkeley,54003
2954,WV,Boone,54005
2956,WV,Braxton,54007
2958,WV,Brooke,54009
2960,WV,Cabell,54011
2962,WV,Calhoun,54013
2964,WV,Clay,54015
2966,WV,Doddridge,54017
2968,WV,Fayette,54019
2970,WV,Gilmer,54021
2972,WV,Grant,54023
2974,WV,Greenbrier,54025
2976,WV,Hampshire,54027
2978,WV,Hancock,54029
2980,WV,Hardy,54031
2982,WV,Harrison,54033
2984,WV,Jackson,54035
2986,WV,Jefferson,54037
2988,WV,Kanawha,54039
2990,WV,Lewis,54041
2992,WV,Lincoln,54043
2994,WV,Logan,54045
2998,WV,Marion,54049
3000,WV,Marshall,54051
3002,WV,Mason,54053
2996,WV,McDowell,54047
3004,WV,Mercer,54055
3006,WV,Mineral,54057
3008,WV,Mingo,54059
3010,WV,Monongalia,54061
3012,WV,Monroe,54063
3014,WV,Morgan,54065
3016,WV,Nicholas,54067
3018,WV,Ohio,54069
3020,WV,Pendleton,54071
3022,WV,Pleasants,54073
3024,WV,Pocahontas,54075
3026,WV,Preston,54077
3028,WV,Putnam,54079
3029,WV,Raleigh,54081
3031,WV,Randolph,54083
3033,WV,Ritchie,54085
3035,WV,Roane,54087
3037,WV,Summers,54089
3039,WV,Taylor,54091
3041,WV,Tucker,54093
3043,WV,Tyler,54095
3045,WV,Upshur,54097
3047,WV,Wayne,54099
3049,WV,Webster,54101
3051,WV,Wetzel,54103
3053,WV,Wirt,54105
3055,WV,Wood,54107
3057,WV,Wyoming,54109
3127,WY,Albany,56001
3129,WY,Big Horn,56003
3131,WY,Campbell,56005
3133,WY,Carbon,56007
3135,WY,Converse,56009
3137,WY,Crook,56011
3139,WY,Fremont,56013
3141,WY,Goshen,56015
3143,WY,Hot Springs,56017
3145,WY,Johnson,56019
3147,WY,Laramie,56021
3149,WY,Lincoln,56023
3151,WY,Natrona,56025
3153,WY,Niobrara,56027
3155,WY,Park,56029
3157,WY,Platte,56031
3159,WY,Sheridan,56033
3161,WY,Sublette,56035
3163,WY,Sweetwater,56037
3165,WY,Teton,56039
3167,WY,Uinta,56041
3169,WY,Washakie,56043
3171,WY,Weston,56045
102,,AR,27Columbia
